shot_id_number,is_goal
1,0.3595182
8,0.4892054
17,0.5071339
20,0.651099
33,0.36831117
34,0.42839712
35,0.5195899
36,0.54035217
37,0.60241616
38,0.41855
45,0.50216424
50,0.29511228
55,0.21339324
60,0.29743832
66,0.5338079
67,0.4775375
71,0.33210146
80,0.42973155
85,0.5303099
86,0.3884076
95,0.30902237
104,0.2824136
113,0.4063291
123,0.33247095
126,0.4281851
133,0.60536075
141,0.5656532
144,0.3676314
150,0.6621796
152,0.39250013
153,0.59994143
156,0.5265895
159,0.59866923
165,0.42444474
172,0.6030197
182,0.49233952
192,0.3714635
193,0.6353612
196,0.44380537
202,0.4940403
210,0.31616205
211,0.3301956
228,0.45367128
257,0.5129655
260,0.36411175
264,0.41679308
267,0.20928976
279,0.68761086
282,0.49236956
293,0.47290814
299,0.40729567
300,0.40714258
301,0.44883487
317,0.35703582
327,0.5759433
328,0.43983406
335,0.71016115
346,0.3134933
348,0.49736077
365,0.45872828
390,0.59876215
391,0.53693056
392,0.5069868
397,0.75341064
418,0.4462685
428,0.38766116
434,0.40684623
439,0.63768655
440,0.49464208
456,0.47133234
459,0.28631774
472,0.5416516
480,0.42981857
491,0.619794
497,0.4273686
509,0.39757133
511,0.6112485
523,0.25607124
533,0.27086574
544,0.549709
546,0.43126303
555,0.5543902
558,0.37019676
560,0.4549515
573,0.49089035
591,0.5186386
596,0.4457376
597,0.2893466
601,0.3690337
605,0.28812587
617,0.41484308
628,0.322473
634,0.6660875
646,0.37794027
649,0.2985
651,0.56476295
654,0.5090582
656,0.55375135
657,0.39566335
669,0.2530712
670,0.64588356
693,0.4083656
694,0.40504065
699,0.35803485
711,0.36497357
718,0.23272946
722,0.3961646
723,0.32947263
725,0.40523216
734,0.22200891
735,0.62752426
737,0.4511309
746,0.4180814
747,0.15932867
766,0.3158474
767,0.38560897
771,0.41489887
773,0.6200354
774,0.3846581
783,0.45507044
784,0.35562244
789,0.47921762
792,0.5745535
804,0.39006203
809,0.61771154
812,0.40000758
813,0.6177623
817,0.6054982
820,0.45728803
825,0.31383583
826,0.5804002
829,0.27966183
855,0.14245129
859,0.56184936
862,0.3401951
870,0.32142198
876,0.13549772
880,0.49643394
886,0.64700925
889,0.38259798
891,0.7444815
897,0.6773077
902,0.43639666
903,0.39743406
908,0.5771259
909,0.302286
920,0.3297938
922,0.2616263
924,0.2420032
932,0.30702224
934,0.31165797
937,0.54655415
941,0.33265096
943,0.28717366
950,0.3103721
952,0.44917887
954,0.56162953
963,0.37776417
975,0.30541807
979,0.33055553
981,0.34950382
983,0.13015005
985,0.6098006
989,0.6028809
995,0.5708784
998,0.58197784
1008,0.25893348
1019,0.5184264
1023,0.6171354
1026,0.22023088
1029,0.5171226
1034,0.42523938
1036,0.48704237
1038,0.34808046
1039,0.17513743
1051,0.57419324
1052,0.24769607
1066,0.31103924
1087,0.44618177
1092,0.25351328
1094,0.36884642
1098,0.36334163
1099,0.37781328
1102,0.44504583
1118,0.29615277
1131,0.41857275
1133,0.58492637
1135,0.5037135
1138,0.5331108
1139,0.4430926
1142,0.38602236
1151,0.4979715
1152,0.42628056
1155,0.50871557
1165,0.41338387
1167,0.40102723
1172,0.37285662
1174,0.48506656
1180,0.6094511
1200,0.33231363
1202,0.2786579
1227,0.5127288
1228,0.61560273
1229,0.379895
1237,0.66853106
1241,0.25983322
1256,0.48158395
1279,0.3530604
1293,0.4930971
1295,0.44819728
1319,0.6049912
1320,0.4056126
1321,0.37546143
1322,0.3116744
1334,0.1415948
1351,0.6725609
1373,0.44009572
1375,0.3618083
1380,0.5066403
1382,0.30140224
1385,0.5774596
1399,0.29826698
1403,0.56870353
1428,0.7106769
1434,0.29730606
1444,0.6212057
1448,0.34780955
1466,0.32763743
1476,0.38042706
1478,0.39227355
1485,0.44261947
1491,0.537112
1494,0.37867048
1500,0.59291583
1501,0.5513484
1503,0.5322262
1519,0.54567575
1524,0.44363528
1529,0.5322755
1533,0.55817074
1538,0.61020887
1539,0.29276663
1546,0.5565705
1555,0.44641745
1559,0.3200591
1563,0.34702998
1565,0.7384616
1574,0.2301541
1591,0.36709028
1594,0.55935985
1605,0.4508322
1611,0.43468052
1614,0.4329384
1620,0.44681588
1626,0.36871177
1630,0.47124186
1632,0.52627003
1634,0.30913198
1643,0.43180674
1651,0.5515534
1655,0.3364736
1658,0.42732114
1659,0.33430082
1665,0.53339183
1675,0.4483928
1680,0.5780295
1690,0.43920156
1696,0.55087
1714,0.41813764
1721,0.45874935
1726,0.34148553
1728,0.30585393
1734,0.50991076
1735,0.63885
1740,0.47367364
1744,0.38860244
1747,0.28836653
1752,0.6431266
1763,0.7334386
1765,0.5840676
1769,0.459632
1785,0.21131465
1787,0.48385122
1788,0.7276819
1793,0.35698187
1800,0.48713833
1825,0.5018213
1826,0.562398
1834,0.4860042
1843,0.58865726
1844,0.6742383
1848,0.24050361
1849,0.5577665
1860,0.7134907
1863,0.6780466
1875,0.3058157
1883,0.3782014
1890,0.27027512
1892,0.38512263
1893,0.4041236
1897,0.40387514
1905,0.31323656
1908,0.5584532
1931,0.40133166
1940,0.60718983
1943,0.6338655
1947,0.34808877
1965,0.6973126
1967,0.31075978
1968,0.352988
1972,0.5278346
1982,0.43560892
1985,0.23620573
2005,0.29831272
2010,0.3302214
2021,0.2462711
2024,0.45845076
2036,0.28696114
2043,0.38686436
2047,0.27178383
2049,0.35742584
2055,0.5180036
2065,0.3778284
2066,0.58748233
2070,0.6516305
2077,0.62723565
2085,0.28509337
2095,0.6010733
2097,0.57485825
2108,0.62306964
2112,0.38597393
2113,0.6276865
2122,0.23369819
2139,0.6334408
2144,0.57101005
2146,0.4369133
2148,0.4619903
2149,0.67620134
2157,0.14477319
2159,0.28751564
2168,0.43001658
2176,0.54322743
2178,0.56169057
2181,0.42875937
2187,0.53684175
2188,0.3123894
2190,0.4207635
2194,0.55025244
2197,0.374321
2214,0.7719672
2217,0.24896657
2222,0.29407135
2223,0.34104222
2226,0.43665913
2230,0.71718836
2240,0.5949705
2247,0.5890084
2250,0.3291434
2259,0.48504847
2262,0.28123403
2266,0.658367
2305,0.35166454
2310,0.45881754
2313,0.62350607
2319,0.5627698
2320,0.40543008
2345,0.36594382
2350,0.64823455
2356,0.32926577
2360,0.32431763
2370,0.46952268
2386,0.308151
2398,0.27496576
2414,0.51870066
2435,0.5948727
2439,0.68200606
2446,0.6116846
2458,0.41409484
2465,0.55609876
2466,0.4397794
2470,0.33309567
2495,0.5355657
2501,0.33643028
2507,0.31725252
2533,0.19809762
2537,0.2829752
2538,0.35165942
2541,0.34341148
2542,0.6007026
2544,0.34019262
2554,0.35437918
2555,0.41733217
2565,0.54539376
2575,0.6044897
2586,0.5966891
2588,0.5189771
2594,0.64474386
2617,0.61325735
2618,0.3791604
2623,0.65997314
2631,0.60053605
2640,0.46624488
2642,0.68955106
2647,0.40351617
2663,0.22056207
2664,0.5725691
2676,0.38231277
2680,0.6643464
2681,0.3005701
2691,0.46576113
2693,0.27822784
2695,0.61136454
2704,0.55948585
2708,0.2967329
2709,0.6667174
2717,0.7175333
2722,0.41177163
2728,0.38227096
2732,0.56409556
2743,0.57550365
2752,0.56757736
2757,0.5163604
2761,0.5887399
2769,0.3298394
2771,0.5562271
2774,0.3820414
2776,0.28959486
2781,0.30649737
2793,0.3867592
2799,0.3736446
2803,0.29542273
2811,0.5475527
2818,0.31918937
2824,0.41073
2828,0.6526387
2829,0.33562064
2830,0.50357217
2842,0.5380782
2847,0.6362942
2848,0.23527175
2868,0.4368453
2870,0.59419453
2885,0.4211948
2886,0.31161937
2889,0.43720627
2903,0.6194459
2904,0.5379244
2918,0.36671293
2919,0.31220883
2922,0.4672696
2923,0.49562186
2931,0.2692986
2945,0.42580017
2955,0.46918038
2957,0.6679595
2960,0.54784375
2963,0.46434176
2966,0.5103214
2972,0.30003542
2974,0.36790824
2982,0.49811295
2984,0.34933525
3016,0.58823395
3021,0.58293086
3023,0.50663644
3025,0.4130262
3029,0.39983094
3034,0.56981397
3038,0.454925
3040,0.42240798
3051,0.6472155
3062,0.42693785
3069,0.34241092
3071,0.2927691
3076,0.6144384
3079,0.5408862
3081,0.35069466
3082,0.40917528
3084,0.36951655
3098,0.5741331
3104,0.2951984
3105,0.29712254
3114,0.5944448
3118,0.297848
3122,0.49572217
3132,0.37512273
3138,0.42019656
3141,0.6163225
3156,0.5994265
3162,0.5740418
3167,0.278212
3170,0.50849444
3171,0.37741286
3172,0.4084815
3176,0.6435156
3180,0.570977
3189,0.42964864
3198,0.4052745
3206,0.3789354
3215,0.5599499
3222,0.70080984
3228,0.2957899
3229,0.3108611
3232,0.2812581
3233,0.43731916
3238,0.27757648
3256,0.5805583
3264,0.43913424
3273,0.26437873
3275,0.36948597
3285,0.58612037
3289,0.24021822
3294,0.3479427
3306,0.3486954
3311,0.5158232
3318,0.32506594
3322,0.35256916
3324,0.29662344
3334,0.49718124
3341,0.43340224
3345,0.37972113
3346,0.62232125
3352,0.38940778
3368,0.6059279
3371,0.11354256
3372,0.434149
3375,0.4118803
3384,0.45520613
3387,0.5691456
3393,0.32254642
3406,0.3510909
3411,0.3618694
3412,0.29165965
3414,0.44111097
3417,0.47886243
3420,0.66654
3423,0.69092375
3436,0.42364794
3438,0.6281689
3442,0.6002582
3443,0.47512513
3451,0.38266152
3461,0.30683386
3489,0.2509423
3491,0.4865989
3510,0.564912
3515,0.48145407
3527,0.46143177
3530,0.61501133
3540,0.5386608
3582,0.3245005
3604,0.5729676
3605,0.4909135
3609,0.4407973
3624,0.23408952
3628,0.6706051
3630,0.604808
3641,0.29493397
3642,0.41143268
3648,0.25176415
3650,0.6220397
3652,0.7168534
3660,0.27525976
3664,0.26496714
3670,0.46692288
3672,0.2993164
3680,0.52179056
3682,0.50783485
3685,0.43898648
3686,0.445477
3689,0.491423
3705,0.5238606
3712,0.3162903
3713,0.2931835
3719,0.4959904
3721,0.36102903
3723,0.41019967
3724,0.36812007
3727,0.39787006
3733,0.516258
3734,0.35161182
3742,0.45596784
3770,0.16169047
3777,0.48097435
3778,0.6135057
3780,0.47958273
3783,0.40480363
3784,0.4411011
3788,0.2877136
3790,0.46074325
3794,0.49562067
3795,0.3044507
3796,0.30250913
3801,0.23012918
3806,0.42934224
3813,0.42048347
3814,0.5115338
3818,0.5486333
3824,0.72512007
3836,0.3881471
3853,0.41271138
3855,0.61496526
3858,0.6312129
3861,0.54378915
3866,0.52973264
3870,0.2750213
3874,0.57129323
3876,0.46974856
3878,0.34301126
3890,0.27439117
3900,0.63357854
3904,0.46055487
3906,0.5896716
3907,0.31605154
3908,0.2673006
3912,0.6333632
3918,0.67412204
3923,0.65510166
3924,0.14892358
3925,0.49737543
3927,0.4470377
3955,0.45753947
3964,0.60051006
3969,0.4947811
3974,0.5078204
3976,0.63598555
3984,0.38359523
3991,0.34355894
3993,0.7148738
4009,0.55892354
4011,0.454732
4020,0.48931637
4033,0.34138653
4041,0.34065956
4045,0.46134657
4052,0.49018797
4055,0.18628749
4056,0.33264577
4057,0.4736776
4067,0.4657342
4069,0.37626138
4077,0.32884115
4094,0.6056164
4095,0.4634139
4100,0.39961344
4119,0.41852936
4130,0.30728483
4131,0.6198145
4132,0.3942709
4134,0.4626886
4137,0.5407741
4138,0.40247193
4143,0.30844355
4145,0.5021556
4148,0.36857182
4163,0.15554985
4166,0.4811734
4169,0.65067196
4170,0.3007878
4174,0.5832732
4180,0.3317175
4199,0.59197885
4201,0.5124072
4203,0.43166822
4210,0.026129425
4211,0.6190688
4213,0.66939795
4225,0.33034232
4235,0.24614456
4242,0.4354565
4245,0.35443032
4250,0.5983795
4252,0.3546067
4254,0.59423095
4263,0.5905749
4264,0.58425987
4268,0.82642925
4270,0.36840174
4282,0.6211104
4283,0.43048462
4291,0.6261759
4304,0.35946035
4306,0.38470593
4309,0.394912
4310,0.45085472
4313,0.5252276
4314,0.33851743
4315,0.4642598
4321,0.6323882
4324,0.2638986
4325,0.506293
4328,0.46508512
4329,0.45178884
4332,0.32228193
4337,0.63203037
4342,0.30229628
4344,0.33271578
4352,0.13754207
4355,0.47784758
4366,0.368281
4371,0.47293928
4372,0.5326895
4376,0.2768358
4384,0.60258645
4387,0.33942103
4389,0.34276125
4390,0.41503182
4406,0.5684135
4407,0.67157346
4409,0.66929984
4410,0.72795904
4424,0.66396123
4434,0.53712857
4452,0.47891816
4460,0.37140757
4470,0.67836297
4480,0.36299402
4496,0.66786945
4503,0.58544886
4512,0.30592602
4518,0.6320662
4519,0.34232074
4522,0.33912057
4525,0.7240067
4537,0.47258747
4546,0.5100025
4547,0.48989865
4553,0.38469282
4556,0.26271188
4558,0.5843133
4563,0.15309781
4568,0.25213122
4574,0.5518374
4578,0.5676303
4587,0.46338832
4592,0.50307274
4610,0.38908222
4615,0.55374074
4619,0.15829867
4620,0.29229236
4625,0.53615606
4635,0.29596305
4636,0.215063
4641,0.54490983
4650,0.41304618
4653,0.6998769
4665,0.257859
4668,0.5022599
4669,0.60229987
4670,0.34837294
4674,0.46700197
4675,0.55074024
4676,0.4745476
4679,0.5638783
4680,0.609867
4686,0.31760144
4699,0.29556203
4713,0.71787184
4718,0.45811293
4721,0.22088498
4722,0.2531492
4724,0.39714733
4730,0.4442356
4731,0.39364088
4735,0.27978665
4743,0.43761945
4745,0.37265438
4746,0.39859918
4747,0.26260096
4748,0.377499
4769,0.38721094
4771,0.49073398
4774,0.4388834
4784,0.46929297
4797,0.46751744
4801,0.20712408
4804,0.56352764
4820,0.46874064
4833,0.22946608
4834,0.13745901
4851,0.40186578
4859,0.35353434
4860,0.55732924
4863,0.3804691
4873,0.5260592
4881,0.51022786
4892,0.33694613
4908,0.7054237
4911,0.3275674
4915,0.18874922
4922,0.2628458
4929,0.64671344
4936,0.36373246
4939,0.39524955
4951,0.46058413
4956,0.43071723
4961,0.31966984
4964,0.54544336
4981,0.37820184
4991,0.66889197
4992,0.31213015
4997,0.45966968
5004,0.43863118
5010,0.45192835
5012,0.19064897
5015,0.31701687
5020,0.44213456
5030,0.45887783
5051,0.6569923
5052,0.7305935
5057,0.7115147
5058,0.6219
5060,0.32903606
5061,0.25529745
5064,0.6594981
5078,0.4878912
5080,0.25851765
5088,0.51387024
5089,0.22340381
5090,0.44358492
5103,0.45323604
5108,0.5173568
5114,0.4080905
5115,0.32943153
5124,0.5603232
5137,0.7048278
5139,0.5557882
5144,0.45939967
5149,0.7437826
5157,0.22633192
5163,0.5775201
5174,0.48558065
5176,0.6664578
5179,0.60420716
5186,0.7110851
5203,0.48455852
5204,0.7099927
5206,0.6065133
5207,0.29195273
5220,0.4629757
5221,0.634671
5224,0.24838248
5227,0.59059155
5229,0.61229223
5232,0.683593
5240,0.68846637
5242,0.28002843
5243,0.50001025
5245,0.468746
5248,0.72026473
5249,0.56216806
5254,0.25145638
5269,0.41914314
5272,0.26459572
5276,0.33584803
5286,0.6599458
5290,0.44756395
5308,0.48827153
5316,0.5696747
5318,0.587168
5319,0.25567323
5320,0.46525106
5322,0.3201918
5324,0.6237896
5331,0.4736563
5336,0.6072309
5344,0.62368536
5354,0.15905002
5356,0.050683618
5358,0.42972666
5361,0.45609087
5365,0.6381871
5370,0.5122469
5376,0.3828832
5383,0.44946134
5384,0.41142076
5385,0.2296206
5393,0.744985
5397,0.29311216
5398,0.41510075
5402,0.4611488
5407,0.49260673
5409,0.36037916
5425,0.7197156
5428,0.51797485
5430,0.39305636
5442,0.39834023
5447,0.7131902
5470,0.4503712
5485,0.32824677
5493,0.35004288
5502,0.54798466
5504,0.25588906
5517,0.4707219
5522,0.19882995
5527,0.72564995
5528,0.33096695
5536,0.32273358
5545,0.41326976
5576,0.34675938
5577,0.37630874
5592,0.6110798
5594,0.40049097
5595,0.40426663
5596,0.35208064
5599,0.42123258
5606,0.7196485
5617,0.30691302
5625,0.3799305
5626,0.49909094
5627,0.6209395
5642,0.5352785
5659,0.66004205
5664,0.6572298
5666,0.40088588
5671,0.5470896
5674,0.24734658
5677,0.53438807
5681,0.36648083
5683,0.2712772
5700,0.5144376
5713,0.6670786
5715,0.62127596
5718,0.568555
5726,0.5293917
5738,0.63201934
5741,0.4233619
5743,0.2538767
5753,0.60846335
5761,0.41268608
5789,0.3499301
5797,0.73650295
5803,0.13246435
5810,0.70175236
5813,0.3723101
5817,0.19858319
5818,0.54082924
5822,0.43975928
5829,0.4578169
5846,0.6103903
5847,0.40561432
5854,0.47108793
5858,0.57080877
5863,0.4368406
5869,0.48363915
5870,0.46057135
5876,0.39533445
5881,0.4065923
5901,0.527383
5922,0.5174515
5928,0.6817398
5933,0.5742161
5934,0.73086166
5946,0.6053935
5951,0.67183125
5955,0.20962307
5956,0.60742146
5965,0.4222161
5972,0.416023
5981,0.348974
5997,0.6631681
6005,0.6757065
6009,0.5688788
6010,0.35820398
6015,0.5759188
6039,0.28231978
6047,0.6719744
6051,0.10936576
6056,0.36188138
6061,0.47236428
6064,0.38777187
6065,0.40654835
6070,0.15334773
6085,0.6169799
6086,0.37253004
6091,0.69488007
6097,0.5462737
6099,0.7299644
6104,0.53105205
6108,0.72643816
6109,0.64223003
6124,0.35437974
6142,0.54393274
6144,0.27387118
6150,0.5550894
6154,0.732481
6155,0.44296464
6156,0.7313224
6158,0.7264363
6159,0.5377287
6169,0.5676271
6170,0.019195944
6179,0.54853845
6184,0.4445334
6186,0.6557374
6204,0.20704135
6230,0.5825587
6231,0.36235225
6232,0.66992307
6235,0.35754937
6237,0.574856
6239,0.34039623
6263,0.6219906
6265,0.4325513
6270,0.5802403
6271,0.55034024
6278,0.69348633
6279,0.6330663
6288,0.354461
6294,0.31245053
6295,0.25793523
6302,0.41215697
6306,0.3471815
6322,0.561961
6324,0.29323685
6327,0.40737286
6331,0.5997697
6334,0.44831637
6338,0.5333623
6339,0.48803452
6362,0.39606842
6372,0.68582106
6375,0.32578748
6393,0.40510765
6394,0.59687316
6405,0.5573473
6406,0.49280313
6416,0.39178428
6421,0.72485507
6422,0.36968893
6440,0.6501734
6457,0.6096052
6460,0.507338
6463,0.7384321
6474,0.6555699
6476,0.41478348
6477,0.3404165
6482,0.70678115
6488,0.34634092
6489,0.45814416
6494,0.31071323
6499,0.4971791
6507,0.27484548
6524,0.5916401
6527,0.2655918
6531,0.5521127
6536,0.58229446
6538,0.60633117
6542,0.35789603
6565,0.36747786
6584,0.3679238
6588,0.7201878
6597,0.59677064
6603,0.61769855
6609,0.5623365
6613,0.72378886
6622,0.4511694
6630,0.46927327
6637,0.56865704
6639,0.6097687
6640,0.59864634
6646,0.34855366
6647,0.5664035
6648,0.56861556
6669,0.8034333
6680,0.5127723
6681,0.28143725
6684,0.08502966
6693,0.33203414
6694,0.33826625
6704,0.48443916
6706,0.54684967
6710,0.16003937
6713,0.3758304
6718,0.41465905
6732,0.59323573
6737,0.45443404
6739,0.31574982
6742,0.5181242
6746,0.3750349
6753,0.31810722
6771,0.47630563
6784,0.5312415
6790,0.66129816
6795,0.67933494
6807,0.4150924
6808,0.4080295
6818,0.60828435
6823,0.35974848
6830,0.5474558
6831,0.48171812
6832,0.28933015
6836,0.42085266
6846,0.2979964
6850,0.30459863
6854,0.5504398
6868,0.61382824
6876,0.28520572
6877,0.4694381
6881,0.13903582
6882,0.4124962
6884,0.477287
6886,0.48046228
6901,0.36680195
6910,0.41707814
6913,0.4351349
6914,0.69889426
6918,0.57087207
6930,0.31641603
6941,0.45362836
6944,0.49471292
6945,0.523733
6947,0.67025936
6949,0.6084699
6952,0.61547804
6963,0.47323787
6964,0.59837824
6972,0.5667086
6979,0.53929114
6981,0.29482663
6988,0.6326086
6990,0.492622
6998,0.45400378
7004,0.3607701
7016,0.37515557
7027,0.27803957
7042,0.30180404
7056,0.553246
7061,0.43195167
7069,0.65319735
7071,0.44044426
7088,0.44596308
7099,0.36879393
7108,0.33882833
7121,0.57490975
7125,0.56806755
7136,0.5522238
7149,0.43551534
7150,0.34595567
7151,0.46742848
7167,0.38554096
7177,0.5000995
7178,0.20648241
7183,0.59820276
7186,0.355101
7190,0.5632039
7201,0.37776127
7202,0.3017189
7207,0.32632178
7213,0.3596043
7224,0.27866974
7225,0.26650903
7233,0.38121676
7239,0.57207435
7246,0.50209975
7248,0.36349753
7261,0.6167657
7264,0.3366709
7266,0.575869
7274,0.18939212
7279,0.49698955
7293,0.34071213
7315,0.5856754
7322,0.45574287
7326,0.63060206
7341,0.22308919
7363,0.6332453
7365,0.42777067
7371,0.30288127
7377,0.25161412
7393,0.68112457
7405,0.57258725
7410,0.58466864
7434,0.676906
7438,0.47783637
7447,0.4559825
7450,0.50835603
7452,0.21528536
7453,0.22297108
7455,0.34243715
7456,0.37378857
7457,0.6078368
7466,0.7422409
7470,0.6047863
7474,0.30073506
7487,0.38423052
7488,0.602985
7492,0.4036198
7496,0.26889676
7501,0.55595255
7505,0.25646403
7512,0.39287862
7526,0.4180481
7536,0.46018824
7538,0.6973445
7539,0.37816072
7544,0.6488041
7554,0.3567106
7564,0.29409757
7566,0.3460489
7580,0.59486836
7581,0.36129302
7584,0.5714498
7587,0.6836276
7589,0.5188612
7590,0.47814113
7594,0.25343496
7597,0.29130912
7602,0.6517143
7603,0.4936508
7605,0.36445278
7609,0.3732096
7613,0.4892695
7619,0.5387347
7625,0.40682027
7626,0.68006825
7636,0.61916506
7639,0.25482607
7641,0.34034154
7643,0.6109314
7644,0.70338315
7657,0.28787625
7661,0.64033914
7666,0.49215072
7673,0.40608376
7683,0.52550995
7685,0.4368711
7699,0.6098478
7704,0.5405711
7705,0.37264454
7708,0.49743894
7728,0.4033798
7733,0.48573563
7741,0.5318851
7743,0.37031808
7745,0.26904532
7754,0.43355706
7756,0.43185335
7757,0.37381378
7770,0.32838494
7773,0.6165633
7774,0.64039636
7776,0.5310845
7777,0.45271504
7778,0.2824744
7781,0.56624043
7784,0.60205877
7789,0.73975396
7794,0.112210006
7799,0.36419076
7801,0.3410802
7818,0.67419213
7823,0.24338385
7828,0.4503797
7832,0.39416602
7839,0.41251665
7851,0.36700484
7856,0.33530456
7868,0.5200704
7869,0.6869887
7872,0.19713002
7874,0.3402287
7878,0.16662604
7888,0.30573988
7913,0.5024104
7923,0.36204177
7925,0.5361177
7926,0.37531084
7938,0.353055
7942,0.5098362
7945,0.5970384
7954,0.43007064
7963,0.6199836
7969,0.40063453
7970,0.6257057
7977,0.5860873
7981,0.35763547
7990,0.40354788
8020,0.3091865
8023,0.33476052
8025,0.356362
8034,0.62245756
8039,0.5499822
8046,0.43993723
8051,0.45006174
8055,0.33015877
8060,0.27941012
8063,0.4716628
8073,0.6036768
8074,0.5573181
8076,0.313029
8080,0.31323552
8088,0.45459205
8102,0.40385076
8103,0.6780329
8104,0.60885936
8105,0.45257282
8109,0.6313393
8115,0.66606885
8121,0.6876802
8126,0.47919753
8135,0.4004388
8153,0.5356815
8156,0.38780785
8160,0.65369105
8161,0.46166864
8162,0.382451
8171,0.30865592
8181,0.63027406
8183,0.67537606
8185,0.47219735
8191,0.643637
8203,0.7090874
8204,0.6215194
8207,0.43379593
8208,0.33557594
8209,0.50720805
8210,0.63193387
8225,0.4816757
8226,0.7837303
8231,0.35574383
8233,0.05219224
8244,0.42469862
8250,0.35626128
8261,0.73774886
8265,0.37748632
8278,0.659325
8279,0.5168625
8280,0.4787876
8296,0.5227587
8299,0.43465793
8300,0.5729627
8301,0.37713793
8305,0.4829601
8327,0.2761622
8334,0.31357354
8349,0.25094777
8355,0.30686513
8361,0.4247711
8362,0.57911664
8364,0.22180453
8365,0.44070646
8375,0.44441396
8378,0.4960524
8380,0.4777111
8381,0.18431431
8387,0.3140378
8399,0.5417847
8402,0.6921939
8409,0.2440381
8433,0.60375506
8436,0.19617286
8442,0.17545107
8448,0.480463
8464,0.28901535
8469,0.22530392
8474,0.54393446
8478,0.48234054
8482,0.3171157
8490,0.2666316
8510,0.6606998
8511,0.16892272
8527,0.22731522
8532,0.6589286
8533,0.30882788
8538,0.5239447
8541,0.5520991
8545,0.51957333
8553,0.34032312
8554,0.3825125
8555,0.5473722
8569,0.5620403
8586,0.41647777
8593,0.2702383
8600,0.4991621
8606,0.357879
8607,0.4276454
8611,0.34579295
8613,0.4482734
8618,0.603734
8630,0.43266916
8637,0.23047787
8650,0.29494292
8652,0.39676803
8661,0.57768905
8669,0.29981944
8673,0.5486461
8674,0.46883613
8678,0.5889432
8682,0.48532277
8688,0.4440847
8689,0.39960963
8695,0.8398967
8698,0.5338622
8703,0.568876
8709,0.5288352
8716,0.3833039
8723,0.39089248
8737,0.26481563
8753,0.42934722
8773,0.55314434
8774,0.5904234
8778,0.50822866
8786,0.34786636
8794,0.6130918
8795,0.31321234
8800,0.80370927
8804,0.51682365
8808,0.3573987
8809,0.49800757
8817,0.61630446
8818,0.7248485
8825,0.27557936
8830,0.53346735
8833,0.3615814
8834,0.40018153
8836,0.35618007
8837,0.3417037
8844,0.53010184
8851,0.47727415
8861,0.64020026
8864,0.5118777
8865,0.41040227
8869,0.34975922
8873,0.6113657
8880,0.32606304
8884,0.24361694
8888,0.3160913
8889,0.4349727
8891,0.71307856
8893,0.15326536
8897,0.4364114
8905,0.36106128
8910,0.54303503
8918,0.7324926
8939,0.5341159
8940,0.30934557
8941,0.36032653
8944,0.3154276
8949,0.45776793
8950,0.73130786
8958,0.39155158
8967,0.7359596
8975,0.17900264
8979,0.28682166
8980,0.34162682
8991,0.6486152
8995,0.55549246
8996,0.7846444
8998,0.49279356
9000,0.36476356
9001,0.3032054
9002,0.41590726
9024,0.4929511
9026,0.078195244
9027,0.26986656
9034,0.3490832
9038,0.49936372
9050,0.435009
9052,0.3609302
9054,0.36165303
9078,0.6021
9097,0.46044812
9109,0.32779878
9112,0.34216487
9115,0.30623603
9125,0.62232864
9132,0.5032587
9136,0.34274545
9139,0.31732506
9140,0.46747538
9142,0.51346123
9143,0.3638643
9147,0.3342638
9159,0.30180755
9165,0.47514868
9172,0.328112
9177,0.34887493
9179,0.3614724
9185,0.3749513
9196,0.63950443
9201,0.38678524
9209,0.57480425
9210,0.50149846
9212,0.29630578
9214,0.45622784
9240,0.6950269
9241,0.45542592
9244,0.61266446
9249,0.35028082
9250,0.29793602
9255,0.35424405
9258,0.37465864
9263,0.2915388
9266,0.5973038
9269,0.44179735
9272,0.35799736
9276,0.52643317
9290,0.7162075
9299,0.77969134
9303,0.6968386
9310,0.08271924
9311,0.432297
9314,0.44758457
9315,0.743713
9325,0.5197144
9328,0.44748968
9329,0.50938815
9332,0.6974942
9337,0.5160372
9353,0.4177578
9355,0.4689664
9356,0.60099936
9362,0.42314404
9364,0.6060007
9366,0.6312973
9387,0.69831055
9388,0.69408464
9396,0.7054899
9400,0.1138567
9406,0.40248865
9411,0.3335235
9416,0.41596192
9417,0.6314037
9423,0.6966611
9425,0.7357336
9426,0.414585
9427,0.4084611
9429,0.5550707
9430,0.43685362
9434,0.4831039
9442,0.41233346
9458,0.32445925
9476,0.45693636
9481,0.37710834
9483,0.35318333
9484,0.66769755
9487,0.49343652
9488,0.3510246
9490,0.5735377
9502,0.6121426
9505,0.42896187
9509,0.59847265
9515,0.3989961
9516,0.3597126
9532,0.44042075
9539,0.34859592
9542,0.49984723
9549,0.3165395
9550,0.30737
9553,0.39836657
9554,0.28211093
9561,0.49911478
9566,0.28791887
9571,0.53114706
9577,0.3718162
9584,0.18095794
9592,0.50620383
9596,0.7000062
9602,0.45522594
9603,0.35000452
9604,0.73869467
9608,0.6841425
9609,0.48771602
9613,0.44240752
9623,0.5141662
9630,0.6858749
9633,0.5193948
9648,0.38543877
9665,0.6847812
9668,0.6314935
9678,0.3974337
9679,0.40250406
9693,0.63164014
9718,0.6509067
9720,0.6642145
9744,0.41231433
9745,0.7894019
9746,0.48427296
9753,0.40284893
9758,0.6574328
9759,0.16746321
9763,0.5594095
9766,0.25775743
9767,0.29663056
9777,0.36916187
9781,0.20059967
9789,0.4104369
9790,0.53756124
9799,0.45146397
9802,0.3332826
9805,0.60920376
9807,0.6393918
9812,0.495361
9818,0.3163764
9820,0.73383784
9822,0.44196278
9824,0.62412506
9834,0.6457163
9836,0.48008627
9847,0.30908406
9864,0.7265466
9869,0.5457753
9875,0.2134592
9880,0.50503504
9889,0.62624294
9894,0.29103008
9909,0.7256251
9915,0.3775565
9919,0.41275734
9920,0.5578002
9940,0.37979704
9946,0.40425193
9958,0.7548878
9959,0.6756237
9973,0.3686221
9976,0.36799818
9978,0.22301233
9982,0.52537686
9987,0.36947122
9988,0.6138735
9992,0.41724217
10000,0.10593605
10002,0.4008756
10005,0.3448543
10008,0.6596754
10009,0.4268198
10011,0.39720136
10021,0.38208807
10022,0.5007544
10053,0.50676256
10074,0.25352043
10076,0.41233686
10090,0.5980693
10092,0.48396996
10099,0.40921253
10102,0.4722477
10103,0.2659046
10106,0.31220722
10108,0.5596076
10113,0.61570466
10119,0.54338545
10122,0.3444203
10125,0.31641352
10140,0.47396848
10155,0.25518048
10159,0.4139752
10164,0.44133887
10175,0.51039714
10176,0.31994963
10178,0.3497737
10186,0.5872695
10200,0.45225763
10204,0.61973023
10206,0.49813524
10211,0.33416495
10212,0.41223818
10217,0.4525721
10220,0.6628009
10230,0.6035465
10234,0.33246964
10235,0.57286066
10239,0.56236815
10240,0.5352431
10242,0.40816453
10245,0.3073609
10246,0.45963392
10247,0.67168736
10250,0.10716528
10254,0.73510367
10257,0.50987524
10260,0.3933683
10261,0.5634601
10265,0.44151384
10273,0.5044085
10274,0.36767375
10277,0.41405493
10289,0.62038636
10290,0.36409634
10298,0.42897707
10301,0.37662724
10304,0.6476891
10305,0.555831
10313,0.53842825
10320,0.54626954
10323,0.54640144
10328,0.5275371
10332,0.5376755
10336,0.65419704
10343,0.5233603
10348,0.6535896
10350,0.34531096
10351,0.42598766
10354,0.2792836
10372,0.50428444
10373,0.44484964
10380,0.3156374
10383,0.60294324
10396,0.5557183
10397,0.57364994
10399,0.63108337
10400,0.5898945
10401,0.4017048
10402,0.354295
10403,0.511526
10410,0.6111123
10412,0.49002358
10415,0.37531802
10424,0.50418204
10428,0.5605887
10432,0.7573502
10462,0.6381385
10477,0.629853
10482,0.2814035
10484,0.43973932
10493,0.43878457
10495,0.4033843
10497,0.54694045
10516,0.31628895
10521,0.122294486
10522,0.30076724
10523,0.56717885
10528,0.42587152
10530,0.20432577
10532,0.4798943
10533,0.33656913
10543,0.7171926
10547,0.45064056
10552,0.24148181
10558,0.4955422
10571,0.40252966
10572,0.401948
10574,0.53556925
10583,0.49308956
10600,0.39176145
10607,0.5196334
10608,0.3815319
10614,0.4657197
10630,0.12222722
10634,0.47591564
10635,0.30028802
10641,0.57472336
10643,0.37225178
10644,0.59947085
10648,0.28705332
10669,0.45576724
10675,0.3957491
10686,0.570738
10704,0.31897825
10707,0.30736017
10722,0.4248227
10736,0.6976045
10764,0.5039231
10767,0.63824606
10776,0.33660638
10779,0.6065501
10781,0.36803457
10792,0.6761838
10797,0.29304847
10798,0.37755919
10801,0.41286975
10802,0.5332816
10805,0.33237213
10808,0.4163352
10810,0.5880336
10816,0.45693782
10817,0.41331762
10829,0.66105413
10843,0.57904714
10858,0.534966
10866,0.6014299
10876,0.38848162
10887,0.53011626
10891,0.20458978
10896,0.5598405
10900,0.60785913
10905,0.45298633
10907,0.45524564
10917,0.48138362
10936,0.6738522
10947,0.32689965
10948,0.53686255
10951,0.40660912
10955,0.28148645
10969,0.3670656
10984,0.5581078
10987,0.27279806
10990,0.2696401
10992,0.520578
10996,0.39591196
10997,0.3686726
10999,0.5693156
11000,0.75456727
11001,0.405058
11010,0.6719002
11016,0.71183014
11018,0.68020004
11034,0.6787099
11039,0.47562176
11041,0.38894594
11047,0.3635218
11053,0.3831792
11055,0.8219899
11056,0.2677966
11065,0.5395598
11068,0.65578556
11070,0.2720551
11071,0.4342255
11072,0.32562256
11079,0.6505915
11091,0.74732625
11094,0.34105724
11112,0.7611575
11113,0.62448096
11128,0.4342638
11153,0.36748153
11154,0.4177646
11163,0.7447784
11179,0.5793561
11181,0.2600957
11206,0.4137592
11216,0.6643723
11221,0.29362047
11223,0.47744876
11228,0.3599632
11235,0.29178935
11237,0.7198031
11244,0.29064927
11256,0.31158888
11267,0.5344132
11272,0.6613522
11281,0.4465311
11285,0.6648521
11288,0.7510702
11291,0.36413056
11293,0.3616242
11297,0.42321813
11298,0.4376327
11299,0.3708145
11301,0.2885024
11309,0.49692178
11331,0.41818592
11332,0.22393802
11337,0.7902982
11343,0.69564605
11347,0.38446522
11348,0.58445466
11355,0.69898725
11368,0.5999677
11369,0.49591386
11371,0.6025103
11378,0.55331135
11384,0.29423487
11387,0.3816844
11393,0.4734208
11399,0.32398266
11412,0.24777246
11431,0.41125995
11432,0.4724728
11444,0.54480714
11450,0.6732249
11451,0.55232394
11476,0.40242213
11488,0.40462488
11495,0.5201827
11505,0.634273
11508,0.5836734
11518,0.65461934
11522,0.5359014
11524,0.75159705
11533,0.64406574
11549,0.5496762
11551,0.7013428
11560,0.6385638
11563,0.46825722
11565,0.70982414
11567,0.3198254
11569,0.38311332
11598,0.5311308
11604,0.55329365
11611,0.37934384
11617,0.6464804
11626,0.6105988
11642,0.23477441
11643,0.18246943
11648,0.4352575
11651,0.39613754
11663,0.26358283
11666,0.62845975
11685,0.59513676
11686,0.25993502
11698,0.2566354
11708,0.44079202
11711,0.22085974
11718,0.19436395
11742,0.26383924
11761,0.4837649
11767,0.47538158
11768,0.565071
11775,0.5145952
11779,0.58633274
11786,0.64667964
11790,0.49438083
11791,0.15162522
11796,0.015196323
11806,0.4926215
11810,0.31277752
11811,0.26574016
11814,0.55042404
11816,0.30667683
11820,0.3534363
11822,0.5933545
11829,0.48691633
11832,0.47823247
11834,0.5760097
11836,0.3485515
11837,0.4825382
11844,0.5168308
11847,0.40476978
11864,0.6151563
11865,0.575189
11872,0.43308216
11873,0.72959673
11886,0.38857478
11894,0.5248139
11905,0.24289298
11906,0.35291356
11907,0.34663662
11912,0.2836969
11914,0.60410243
11918,0.30494386
11924,0.5864817
11929,0.6433641
11930,0.3790691
11936,0.4980298
11937,0.64544505
11954,0.60478336
11957,0.7204181
11964,0.38649863
11968,0.25335205
11972,0.7144108
11976,0.24428111
11979,0.40501997
11981,0.20436162
11983,0.35907835
11989,0.3950746
11991,0.43041143
11998,0.19294113
12003,0.33949277
12007,0.3546403
12011,0.5776558
12014,0.7315466
12024,0.36613056
12033,0.52253854
12034,0.4198479
12041,0.3262706
12046,0.6208234
12056,0.40951344
12064,0.45889202
12069,0.7796148
12070,0.5978693
12071,0.44081247
12072,0.2914952
12078,0.2736417
12091,0.6468814
12092,0.7532484
12094,0.3623285
12098,0.25443906
12103,0.29759085
12115,0.567567
12118,0.60400873
12122,0.3911819
12125,0.6462491
12133,0.5204528
12137,0.5673665
12141,0.29048532
12143,0.34690565
12144,0.6875087
12154,0.35869503
12163,0.44474
12170,0.58668286
12193,0.28801927
12196,0.24280158
12206,0.34904853
12209,0.51973826
12214,0.23743582
12228,0.3032351
12233,0.5288228
12238,0.6264341
12242,0.21013159
12245,0.43534967
12247,0.4225161
12251,0.37912983
12287,0.34448352
12292,0.507781
12304,0.27611625
12317,0.50479424
12320,0.6382674
12323,0.5598348
12328,0.5445808
12333,0.7144952
12334,0.3441816
12335,0.4574572
12352,0.6340773
12358,0.38685465
12364,0.4434677
12376,0.3693132
12396,0.6820148
12402,0.67239785
12406,0.44221047
12408,0.30013946
12410,0.6544313
12413,0.30879694
12417,0.5366743
12424,0.47957927
12425,0.29142493
12426,0.39541733
12430,0.38895878
12432,0.5516353
12433,0.4171514
12451,0.29694188
12457,0.5302465
12465,0.5091137
12468,0.6816473
12474,0.3235427
12475,0.5573212
12486,0.5660633
12487,0.39155158
12514,0.51997924
12524,0.7522494
12526,0.39532626
12530,0.30854905
12532,0.38675806
12593,0.7630851
12599,0.44494373
12600,0.29934376
12603,0.33866525
12624,0.70655084
12630,0.48494327
12638,0.43006122
12641,0.6373484
12643,0.675145
12656,0.38980466
12666,0.2893138
12673,0.7362755
12675,0.3655588
12678,0.46611306
12692,0.03478384
12693,0.712308
12707,0.2914558
12711,0.57128286
12716,0.4161056
12717,0.6759758
12723,0.42127466
12738,0.3721121
12742,0.38206604
12746,0.24608162
12753,0.64492196
12758,0.4923341
12760,0.34047085
12763,0.35933167
12764,0.31855506
12768,0.59552103
12776,0.49875227
12777,0.33948714
12783,0.49419424
12804,0.22913325
12824,0.39168283
12839,0.36479813
12847,0.3661458
12850,0.63953996
12867,0.61208624
12883,0.459846
12887,0.30267486
12890,0.4045958
12903,0.4560423
12906,0.4237306
12907,0.20560393
12909,0.5732037
12912,0.36497825
12915,0.40682334
12930,0.44581676
12931,0.38830385
12934,0.3650123
12951,0.36632025
12955,0.38156116
12973,0.75453246
12988,0.2765209
12999,0.26562685
13015,0.32524619
13026,0.61918724
13036,0.46168694
13039,0.41581804
13040,0.43940648
13041,0.57872725
13043,0.6058217
13057,0.5262743
13064,0.31706852
13068,0.75272846
13069,0.3676437
13073,0.36548883
13079,0.699195
13086,0.40602547
13089,0.31715277
13093,0.35854518
13097,0.61713237
13098,0.51380026
13105,0.34638673
13107,0.42906374
13108,0.35607836
13110,0.3789555
13112,0.48132825
13114,0.4512918
13118,0.41140842
13127,0.30029106
13129,0.3153848
13142,0.69751066
13146,0.6176775
13149,0.5553858
13157,0.3728923
13158,0.3498611
13159,0.3848704
13161,0.26035416
13162,0.43896553
13166,0.3231529
13168,0.37298307
13170,0.6270774
13186,0.38012785
13191,0.3264975
13203,0.31184405
13209,0.65517926
13212,0.4404224
13213,0.46110466
13222,0.4561329
13229,0.6333074
13234,0.5001366
13257,0.60790646
13258,0.33099157
13268,0.6331334
13270,0.6707142
13291,0.42632023
13292,0.17558903
13299,0.43676376
13307,0.5572366
13309,0.5984538
13311,0.43221748
13312,0.4512918
13322,0.66823524
13324,0.6960136
13330,0.3502773
13338,0.616124
13344,0.35886902
13348,0.4945074
13355,0.32905495
13365,0.6435592
13368,0.5018624
13370,0.4424757
13372,0.5138917
13377,0.5423227
13385,0.6125379
13389,0.41174367
13393,0.7817691
13395,0.31313673
13404,0.38032734
13411,0.24464336
13416,0.35174996
13434,0.48924142
13435,0.440993
13445,0.4430657
13446,0.33547932
13451,0.58993095
13462,0.52403694
13464,0.3157803
13466,0.34074616
13471,0.25562525
13472,0.5985295
13477,0.48875892
13481,0.36764303
13484,0.4465564
13490,0.5048956
13492,0.32584637
13500,0.43708754
13508,0.47475806
13516,0.21259597
13525,0.70328337
13526,0.6492193
13530,0.35362068
13532,0.5699452
13538,0.3671296
13546,0.21924108
13548,0.34881303
13550,0.72634035
13551,0.46084872
13564,0.36764342
13566,0.63799787
13570,0.41730762
13580,0.4079618
13585,0.52163774
13588,0.3930657
13592,0.76469916
13594,0.44547915
13609,0.7063721
13610,0.55833185
13613,0.36528093
13625,0.38661352
13626,0.6508737
13639,0.68475795
13645,0.46185887
13647,0.37369055
13648,0.30591995
13652,0.66861767
13654,0.5500908
13664,0.519172
13673,0.438261
13684,0.31665713
13690,0.5342279
13693,0.5582642
13696,0.37822697
13700,0.5129519
13701,0.2691155
13707,0.3677957
13713,0.45904678
13714,0.5545437
13716,0.39045435
13720,0.4287509
13727,0.6241925
13733,0.49932966
13738,0.44997984
13757,0.40916222
13759,0.60928947
13761,0.63679004
13767,0.25341982
13782,0.38606775
13786,0.30133706
13787,0.52669716
13792,0.58781165
13795,0.45664912
13798,0.57384616
13807,0.06446546
13809,0.6181373
13811,0.58567834
13815,0.47281107
13817,0.6215699
13818,0.5712991
13822,0.27702907
13824,0.6599545
13829,0.54259825
13832,0.63586915
13840,0.5357871
13841,0.52943504
13868,0.41866073
13871,0.6145428
13880,0.41015816
13888,0.3508672
13890,0.49494886
13891,0.61412424
13895,0.45060375
13907,0.61763036
13910,0.15990385
13912,0.43112105
13913,0.3385464
13923,0.4894717
13929,0.5513939
13936,0.42709318
13946,0.41263005
13950,0.559765
13951,0.4014182
13954,0.45319188
13958,0.43885496
13969,0.57871187
13980,0.51656526
13981,0.7099744
13986,0.53424335
13987,0.2967697
13989,0.40898865
13992,0.5239601
13994,0.63506013
14001,0.4303738
14002,0.3993273
14004,0.36501008
14006,0.60792553
14012,0.42354584
14021,0.5647606
14024,0.6282667
14045,0.28025204
14047,0.6101525
14057,0.2768844
14059,0.6629325
14060,0.28165072
14068,0.29148287
14070,0.44118816
14074,0.51499254
14076,0.43288994
14089,0.41919875
14115,0.38008755
14116,0.6861027
14128,0.4356037
14131,0.34929687
14134,0.7079082
14137,0.4257307
14138,0.4626858
14139,0.6742288
14152,0.3935066
14153,0.64803994
14155,0.23651978
14156,0.6584079
14164,0.4532373
14165,0.7143502
14171,0.56684345
14174,0.46840048
14181,0.6729512
14186,0.68793833
14192,0.48742652
14201,0.5594336
14210,0.5289846
14214,0.35526955
14231,0.31522578
14236,0.37624058
14241,0.62174517
14245,0.42375815
14249,0.5737097
14251,0.5318753
14262,0.32603276
14265,0.32147563
14267,0.44424897
14270,0.6442437
14276,0.38842118
14279,0.30539304
14281,0.26323515
14289,0.37056592
14290,0.55200255
14293,0.3228074
14295,0.54573107
14297,0.37380576
14298,0.7418116
14310,0.61695635
14312,0.6219672
14315,0.64861774
14318,0.7085731
14319,0.49986103
14325,0.5981099
14331,0.1678068
14334,0.42468262
14341,0.5238878
14343,0.6036916
14344,0.4059689
14346,0.32847667
14347,0.40218732
14349,0.4972576
14352,0.505015
14358,0.38729846
14361,0.6144259
14363,0.42340043
14374,0.6659267
14376,0.7058607
14381,0.34743172
14398,0.3791495
14410,0.8173644
14412,0.3498898
14415,0.5422962
14423,0.44676274
14425,0.36623484
14436,0.2484206
14444,0.27045912
14455,0.5590932
14465,0.4870806
14469,0.6643487
14471,0.45366463
14475,0.4137672
14479,0.27550116
14480,0.4336343
14488,0.23677585
14491,0.6565409
14501,0.29075998
14520,0.45053554
14522,0.3371535
14523,0.36770433
14537,0.43761814
14538,0.30921015
14550,0.41538912
14561,0.2830818
14575,0.7681141
14586,0.48692217
14592,0.6063328
14601,0.56237274
14602,0.3560716
14604,0.39012638
14606,0.4503816
14627,0.465313
14641,0.44262546
14652,0.45314276
14662,0.5598104
14665,0.27682358
14673,0.307652
14675,0.62442994
14679,0.32092252
14683,0.2964676
14686,0.31868452
14705,0.6714754
14708,0.64108014
14709,0.4591112
14710,0.33279476
14715,0.50223255
14717,0.5014477
14723,0.29200774
14725,0.2867003
14727,0.39747334
14728,0.44896108
14735,0.43067482
14746,0.3277408
14752,0.6308406
14757,0.42551214
14762,0.38103876
14763,0.508222
14797,0.3246353
14812,0.6169225
14818,0.39900938
14825,0.4183472
14827,0.40418202
14829,0.37596422
14830,0.62373435
14837,0.39896592
14849,0.69484913
14863,0.23618835
14869,0.30261415
14882,0.450898
14884,0.4303587
14886,0.5465671
14888,0.6051398
14890,0.3749696
14904,0.268248
14938,0.6268728
14952,0.45709136
14958,0.5338731
14963,0.2723959
14979,0.41849333
14980,0.7195002
14986,0.30095953
14988,0.5195685
15003,0.27388996
15006,0.72641915
15009,0.75957674
15015,0.5338329
15024,0.35395664
15030,0.40287352
15036,0.6662015
15038,0.38367143
15039,0.6651194
15047,0.6715823
15049,0.50924385
15056,0.5464946
15068,0.5400927
15070,0.48194718
15073,0.38811865
15081,0.38027936
15084,0.5138176
15088,0.69473404
15092,0.5383832
15095,0.49221456
15097,0.42386958
15098,0.4338936
15115,0.64313763
15120,0.6438086
15126,0.5773152
15133,0.4452342
15143,0.35674086
15156,0.56995344
15164,0.6283615
15178,0.33402044
15198,0.61379236
15200,0.4966278
15208,0.04242918
15214,0.45963156
15218,0.22072479
15231,0.35697877
15238,0.21145928
15239,0.3696992
15240,0.33968547
15249,0.39879453
15256,0.4483886
15260,0.520414
15290,0.7480508
15307,0.6632941
15308,0.54452705
15321,0.571662
15323,0.45580643
15325,0.46650276
15342,0.54084086
15346,0.30349088
15349,0.46701023
15354,0.51034683
15362,0.12705216
15379,0.53314495
15383,0.57044303
15394,0.30729714
15401,0.427803
15405,0.32291684
15407,0.32691106
15412,0.514023
15413,0.47000962
15415,0.6652346
15427,0.52511746
15430,0.61978644
15436,0.22276092
15439,0.23456898
15443,0.54064876
15444,0.4860502
15445,0.75009537
15450,0.5194268
15456,0.6612419
15465,0.55086726
15466,0.45375478
15470,0.28041565
15474,0.34613818
15476,0.3538776
15482,0.41434202
15492,0.5348677
15510,0.47304958
15519,0.4392376
15523,0.063459516
15535,0.40633363
15561,0.771827
15564,0.40336204
15566,0.3373592
15579,0.39451805
15580,0.5182557
15581,0.33684528
15587,0.60858524
15589,0.20361376
15591,0.46054694
15597,0.48707488
15620,0.49222428
15627,0.46173656
15636,0.5314884
15653,0.38725397
15662,0.62215966
15664,0.29072398
15666,0.35330662
15667,0.35785654
15674,0.4391192
15692,0.5377673
15715,0.4480329
15736,0.54756767
15744,0.6042529
15746,0.40883112
15758,0.6383339
15760,0.55188674
15766,0.5442819
15767,0.52805704
15789,0.6365064
15810,0.34396
15818,0.3744293
15820,0.07475287
15830,0.49031344
15844,0.12239039
15850,0.41961733
15857,0.48680758
15863,0.6172741
15869,0.38815302
15872,0.41424593
15873,0.25418776
15884,0.26505446
15885,0.44727477
15891,0.39837396
15898,0.51363754
15900,0.48419625
15932,0.45947155
15940,0.44094223
15944,0.40964234
15945,0.37525564
15963,0.40740848
15970,0.51057184
15977,0.6571803
15982,0.35515
15985,0.65370154
15995,0.28277707
16004,0.4153629
16005,0.60456187
16011,0.25650105
16019,0.6697923
16021,0.22536623
16051,0.67862314
16065,0.76952183
16066,0.45632592
16076,0.721039
16091,0.4104355
16094,0.7811148
16101,0.35971272
16104,0.5318567
16113,0.5895853
16114,0.4158244
16115,0.6159033
16127,0.35989588
16128,0.33521056
16138,0.532626
16139,0.7123213
16142,0.42812088
16144,0.60259545
16148,0.50353116
16151,0.28334415
16156,0.4102975
16165,0.23270348
16166,0.50257254
16179,0.6091646
16193,0.6145152
16196,0.2344481
16198,0.36607838
16210,0.37373036
16232,0.7108063
16237,0.50429183
16240,0.5731616
16252,0.36784315
16259,0.2139821
16262,0.74215686
16263,0.5779991
16270,0.7577958
16272,0.38171834
16290,0.36097378
16295,0.6353632
16297,0.26801336
16299,0.26117948
16300,0.40764695
16302,0.48007387
16303,0.45256266
16305,0.42211026
16309,0.3503325
16312,0.3828794
16320,0.47537148
16326,0.4578582
16327,0.3350678
16338,0.33118376
16342,0.62997335
16346,0.41058943
16348,0.35159326
16355,0.41724136
16356,0.43503386
16378,0.74268866
16382,0.54094285
16391,0.34760073
16392,0.26364887
16395,0.61137486
16399,0.46695197
16403,0.33653784
16408,0.33447653
16413,0.27063394
16415,0.4505559
16417,0.60029477
16420,0.18491167
16431,0.37705183
16439,0.519688
16444,0.70803356
16446,0.15048093
16451,0.34796584
16454,0.47929394
16461,0.6194751
16462,0.5615867
16469,0.36836332
16484,0.514475
16486,0.6602387
16487,0.5103545
16491,0.444416
16494,0.40518618
16507,0.54326993
16508,0.40873227
16519,0.29150075
16523,0.37669906
16526,0.39846042
16530,0.31999102
16532,0.5660146
16542,0.65368676
16550,0.3312533
16555,0.41210082
16558,0.634639
16567,0.62454045
16576,0.41793555
16579,0.40965447
16595,0.3354055
16598,0.31251693
16600,0.30080438
16604,0.5874989
16605,0.5546034
16607,0.29343262
16610,0.39695546
16612,0.6399533
16617,0.47465172
16625,0.48924646
16632,0.5856352
16634,0.6179769
16650,0.49703354
16654,0.41044566
16655,0.32188004
16656,0.39389396
16657,0.50468147
16660,0.2629012
16662,0.6219862
16669,0.3016367
16675,0.44323763
16676,0.3849182
16678,0.34963357
16679,0.4272703
16693,0.39956087
16701,0.53848
16715,0.4664776
16722,0.54186773
16724,0.33286017
16727,0.46754688
16735,0.4144077
16741,0.6257532
16752,0.3554552
16758,0.3854211
16765,0.37280187
16771,0.307729
16785,0.23606598
16793,0.55724365
16800,0.516094
16805,0.364309
16809,0.58259124
16820,0.4291454
16827,0.5765588
16830,0.28880903
16843,0.57584816
16847,0.60528946
16855,0.63847524
16860,0.62754184
16862,0.52312106
16863,0.5536207
16872,0.2392402
16874,0.24376813
16876,0.38850692
16893,0.3855395
16895,0.6121136
16914,0.699471
16917,0.31405932
16926,0.5479198
16930,0.44231796
16931,0.33323365
16932,0.40274686
16934,0.31540006
16937,0.3298384
16941,0.4292478
16942,0.7766268
16957,0.5110772
16962,0.39102614
16967,0.39428866
16968,0.55744606
16972,0.43905383
16974,0.5026901
16984,0.40437803
16987,0.31864023
16994,0.6459487
16995,0.28848934
16999,0.3505453
17034,0.462851
17038,0.3861096
17040,0.3374933
17050,0.27851695
17068,0.2809225
17077,0.4827492
17079,0.3607933
17082,0.4516304
17085,0.37669218
17087,0.28717715
17099,0.433343
17105,0.3552543
17108,0.6550667
17110,0.59122574
17111,0.26754224
17123,0.59080184
17124,0.3533137
17130,0.4645276
17138,0.475094
17143,0.6632816
17157,0.5849824
17160,0.48276561
17166,0.32461545
17167,0.5732224
17179,0.606809
17180,0.5737654
17189,0.33191484
17197,0.61067605
17219,0.40792006
17223,0.27478516
17225,0.39507586
17229,0.47743085
17234,0.49546248
17235,0.61572707
17239,0.38425997
17242,0.33349836
17243,0.3646377
17246,0.3270961
17247,0.5460761
17255,0.6163668
17258,0.50525945
17260,0.55545837
17264,0.55513406
17270,0.604785
17271,0.5696531
17272,0.46571508
17285,0.51588005
17294,0.40823784
17297,0.33290952
17298,0.38279158
17299,0.51264447
17306,0.38114363
17324,0.24702075
17326,0.3684513
17330,0.33632684
17345,0.3733024
17351,0.40122426
17352,0.35533547
17372,0.35001197
17381,0.204801
17385,0.28173065
17388,0.38194454
17390,0.5419772
17392,0.54981273
17399,0.5962082
17404,0.3992318
17407,0.48221922
17408,0.6343006
17416,0.41722026
17418,0.57578504
17434,0.4802278
17438,0.38817653
17443,0.6029503
17444,0.21806458
17453,0.68907887
17460,0.31566328
17467,0.20873028
17480,0.2865422
17488,0.46118826
17490,0.26366693
17493,0.6958276
17498,0.3768522
17503,0.4893498
17513,0.239743
17520,0.4517513
17525,0.49244976
17534,0.43746102
17545,0.53251076
17553,0.36575556
17554,0.2597865
17557,0.5390093
17563,0.4188352
17576,0.49876815
17577,0.62633115
17580,0.47521266
17582,0.34699398
17596,0.4548629
17597,0.34993833
17602,0.5031103
17614,0.48113245
17623,0.3791283
17624,0.46802446
17627,0.61394453
17628,0.35649985
17630,0.26023412
17634,0.72510606
17640,0.1972256
17652,0.5573033
17657,0.36388642
17661,0.47794226
17662,0.29300174
17666,0.5521451
17682,0.5686917
17688,0.516783
17693,0.45188242
17705,0.5509311
17711,0.3054452
17715,0.2792936
17717,0.49019295
17721,0.32181334
17728,0.6373979
17737,0.41491228
17745,0.54216474
17755,0.40974084
17764,0.5518578
17774,0.32511774
17785,0.31397742
17786,0.36480826
17789,0.49877885
17802,0.14977562
17810,0.49195313
17819,0.3569985
17825,0.43207157
17828,0.15413764
17833,0.50143903
17841,0.3343203
17842,0.5746727
17844,0.61283773
17849,0.47871187
17855,0.42740175
17857,0.4711938
17861,0.36150125
17863,0.33317333
17868,0.47534373
17876,0.47309208
17882,0.28557596
17885,0.39241007
17893,0.31509417
17894,0.30643564
17902,0.57889116
17906,0.4025591
17911,0.52751255
17917,0.16308448
17921,0.5574094
17941,0.44241524
17945,0.30819064
17949,0.5229479
17954,0.3034792
17957,0.38925326
17958,0.722553
17960,0.38872397
17985,0.58619326
18000,0.7933223
18002,0.42202225
18008,0.4171027
18014,0.39236483
18015,0.64178574
18019,0.6462841
18021,0.37921023
18026,0.39598507
18029,0.19559255
18034,0.5265816
18035,0.4972469
18036,0.6824743
18039,0.63046753
18066,0.58406997
18076,0.49210402
18089,0.670932
18104,0.41563445
18110,0.4992874
18129,0.58319366
18131,0.56196076
18133,0.5715295
18136,0.34045738
18148,0.68431026
18152,0.06629503
18167,0.42367712
18177,0.36877692
18178,0.3812331
18183,0.48620397
18194,0.46273196
18197,0.5683583
18213,0.30673662
18214,0.33407137
18221,0.120725185
18227,0.6156452
18239,0.66976494
18245,0.46067214
18266,0.4808108
18267,0.5492263
18274,0.41586924
18283,0.6628247
18297,0.36382502
18302,0.5188069
18303,0.32169658
18315,0.45211637
18324,0.45709914
18326,0.45937562
18334,0.4476061
18336,0.4870725
18344,0.3852584
18346,0.30462044
18347,0.53945816
18350,0.27745122
18352,0.3764756
18364,0.29940712
18366,0.34307015
18373,0.44040745
18391,0.3821693
18393,0.32266313
18395,0.3618936
18400,0.51617944
18408,0.51498014
18421,0.41392994
18425,0.33727497
18443,0.46633357
18451,0.37221438
18456,0.32218486
18458,0.4297769
18460,0.3989032
18467,0.4341686
18468,0.3571856
18475,0.44950074
18485,0.41422337
18494,0.4347147
18495,0.5671049
18508,0.7032401
18530,0.4122399
18533,0.34543815
18547,0.46714887
18548,0.34266672
18553,0.19919246
18561,0.25856245
18565,0.6744943
18572,0.4678318
18593,0.2763278
18600,0.534759
18621,0.42255422
18629,0.5955158
18637,0.3355978
18649,0.6421227
18653,0.44241259
18660,0.123686105
18671,0.37687933
18672,0.24791667
18677,0.50911367
18681,0.7367662
18684,0.7686529
18686,0.39346004
18689,0.25098777
18690,0.57836485
18709,0.3912256
18716,0.6565387
18723,0.23143819
18773,0.4979742
18782,0.457801
18797,0.58986956
18810,0.2488822
18817,0.60949546
18820,0.5848116
18825,0.62864447
18837,0.25000134
18850,0.558246
18857,0.69339937
18861,0.53404063
18867,0.33016923
18870,0.4769313
18877,0.61626095
18887,0.6729451
18898,0.26033148
18900,0.44063663
18914,0.43276256
18921,0.55842376
18922,0.2164377
18945,0.4777849
18947,0.46847245
18953,0.49608073
18954,0.29506308
18957,0.3087061
18960,0.44088012
18973,0.29884738
18983,0.49410155
18990,0.6729709
18991,0.6246368
18993,0.36131966
18995,0.53619707
18996,0.62945616
19003,0.35773546
19014,0.545197
19015,0.66669506
19019,0.4162956
19028,0.44565004
19038,0.63847953
19040,0.50239146
19046,0.37256843
19051,0.33982307
19054,0.5801904
19056,0.5839946
19074,0.45188427
19085,0.42970178
19099,0.37429744
19124,0.29966453
19134,0.38786256
19141,0.14441001
19146,0.5172703
19150,0.3560987
19170,0.350784
19176,0.45396972
19187,0.45657116
19189,0.46147063
19202,0.56432533
19208,0.42148256
19209,0.27021766
19210,0.6122185
19216,0.36165
19217,0.57524925
19218,0.44879186
19223,0.3696785
19240,0.45748797
19246,0.71824944
19269,0.18432993
19275,0.46594822
19287,0.36212653
19298,0.6725104
19303,0.42398062
19313,0.46523649
19325,0.54807633
19326,0.42368484
19328,0.4393261
19330,0.38754413
19340,0.4496693
19342,0.6041312
19343,0.38563445
19344,0.5559509
19363,0.44114476
19364,0.5838595
19371,0.092074424
19376,0.3542975
19377,0.46768174
19381,0.3585449
19384,0.7218313
19390,0.4844623
19402,0.5351714
19405,0.4328971
19409,0.7541133
19418,0.4189777
19429,0.67498344
19446,0.5286848
19458,0.60319936
19460,0.52306634
19462,0.5840233
19465,0.42626706
19472,0.6677924
19480,0.22740337
19503,0.70134765
19507,0.5537316
19517,0.4764179
19533,0.5082948
19537,0.46525878
19541,0.34496757
19563,0.6586766
19566,0.6630392
19568,0.65197706
19576,0.25021967
19591,0.53792524
19597,0.5672571
19619,0.32744324
19622,0.6005468
19623,0.41622373
19624,0.61722654
19627,0.3040972
19629,0.37559736
19633,0.3537094
19639,0.34841472
19641,0.22237349
19643,0.33086604
19649,0.5172229
19652,0.42744365
19657,0.3096879
19660,0.59698325
19668,0.6565357
19678,0.3706423
19686,0.6151366
19690,0.2750674
19694,0.43566075
19695,0.6483794
19702,0.4226063
19712,0.52803355
19720,0.47275636
19735,0.70397127
19739,0.5849018
19740,0.50637907
19743,0.7370558
19750,0.3649226
19752,0.4505861
19754,0.72678435
19762,0.5340136
19770,0.54974455
19775,0.660858
19777,0.3699535
19782,0.36976016
19783,0.5452964
19786,0.640978
19805,0.42122003
19808,0.5653959
19819,0.44571155
19821,0.46293765
19827,0.44577894
19830,0.36473295
19832,0.42946017
19833,0.37778234
19834,0.42788893
19843,0.4359346
19844,0.3428979
19846,0.5139527
19847,0.38750744
19850,0.48518118
19851,0.29716164
19861,0.4302926
19873,0.5027679
19878,0.28280884
19886,0.46831658
19892,0.37045783
19901,0.5059886
19902,0.51469773
19920,0.59225005
19921,0.3868137
19922,0.79137963
19929,0.6421136
19932,0.6743132
19935,0.37075952
19936,0.35937032
19946,0.5605515
19950,0.770478
19952,0.25670764
19955,0.46417585
19976,0.6347307
19983,0.20127472
19987,0.28145385
19991,0.792181
19996,0.5288971
20007,0.44423866
20015,0.26713586
20019,0.485639
20023,0.643445
20034,0.38051403
20036,0.24953032
20038,0.47085425
20039,0.33904898
20040,0.2512433
20045,0.6674135
20046,0.55540836
20048,0.46707302
20060,0.65393615
20068,0.47178695
20074,0.5571916
20111,0.45507252
20117,0.28103495
20125,0.53339803
20129,0.45890003
20134,0.46085045
20135,0.3713597
20139,0.31657308
20142,0.5310317
20147,0.6171382
20154,0.5134047
20157,0.5177135
20169,0.3053224
20179,0.34617773
20202,0.49386784
20207,0.38382414
20215,0.5916842
20216,0.62869877
20217,0.7999027
20218,0.8198952
20219,0.5426212
20226,0.17006662
20236,0.37961954
20239,0.18523484
20246,0.5997516
20247,0.4048034
20253,0.42931163
20255,0.29536945
20268,0.4029656
20270,0.676102
20271,0.3696379
20279,0.51861334
20282,0.6454914
20295,0.3952589
20302,0.5047041
20305,0.5892243
20306,0.5031223
20308,0.31614482
20330,0.46165484
20335,0.5903621
20344,0.40509683
20349,0.7244922
20360,0.44732353
20362,0.44604734
20378,0.45763257
20394,0.43030027
20397,0.572086
20403,0.47000656
20405,0.38790274
20415,0.36152864
20417,0.52008754
20420,0.33493173
20425,0.64578044
20430,0.46853116
20435,0.47835967
20443,0.23805547
20446,0.52873755
20458,0.46408767
20459,0.450668
20467,0.51414925
20470,0.52801204
20482,0.537153
20489,0.5683646
20495,0.6533069
20496,0.44193903
20497,0.5791329
20505,0.5288399
20509,0.6367651
20535,0.36152565
20539,0.43874612
20544,0.4760062
20547,0.7210626
20556,0.3571155
20557,0.53182083
20575,0.60109794
20577,0.2812159
20596,0.5327774
20597,0.5554363
20602,0.42741448
20603,0.6930973
20609,0.6643175
20618,0.3439647
20621,0.43227345
20628,0.10953149
20634,0.7064581
20637,0.32706666
20641,0.41775644
20642,0.6870741
20647,0.36438656
20655,0.5070621
20656,0.33118936
20661,0.5798887
20664,0.47475195
20674,0.5446489
20679,0.4604031
20680,0.37756836
20683,0.5204065
20687,0.41608572
20688,0.6069959
20695,0.381014
20696,0.52390903
20699,0.27328873
20701,0.5057772
20702,0.69791764
20704,0.38067016
20721,0.476544
20725,0.29829466
20731,0.3675348
20741,0.39346665
20742,0.6638363
20753,0.35207072
20756,0.34929386
20769,0.24188536
20771,0.17368114
20774,0.36466092
20777,0.66687655
20781,0.44443527
20797,0.56700504
20808,0.34269333
20810,0.4880092
20820,0.21156168
20823,0.41736925
20829,0.7402479
20832,0.3071472
20833,0.379186
20837,0.3223802
20838,0.46859282
20839,0.29120278
20847,0.31925008
20861,0.40010098
20869,0.65829843
20875,0.377756
20877,0.7163163
20889,0.30642188
20894,0.75662863
20901,0.3866756
20919,0.43682742
20923,0.35114235
20935,0.43077374
20937,0.44122532
20939,0.49829295
20940,0.337248
20943,0.33115906
20946,0.50821066
20950,0.45060846
20961,0.54345345
20965,0.51425594
20967,0.8103
20969,0.45724154
20970,0.31809404
20975,0.5227469
20987,0.4236201
20995,0.46248636
20998,0.55291104
21002,0.36516118
21012,0.52159923
21013,0.5216354
21015,0.6462768
21017,0.5468537
21020,0.25338697
21028,0.30519256
21031,0.41591963
21036,0.4103561
21040,0.35774183
21048,0.49175793
21049,0.32364872
21051,0.34746784
21070,0.333259
21072,0.38842684
21079,0.59302205
21090,0.17776862
21093,0.40103272
21104,0.5962584
21114,0.4911579
21117,0.3008166
21120,0.3399796
21121,0.15865687
21132,0.59486216
21136,0.29475886
21139,0.38268092
21140,0.3765779
21146,0.4436534
21150,0.37410605
21178,0.74251163
21180,0.6512961
21198,0.40572467
21203,0.31577933
21210,0.43498686
21218,0.3165052
21220,0.44773397
21222,0.031259626
21228,0.52415633
21236,0.3340528
21239,0.35907024
21260,0.4101856
21267,0.4231754
21271,0.50406057
21279,0.45605645
21286,0.42978787
21288,0.37116426
21294,0.5973524
21298,0.49870375
21299,0.40506065
21300,0.3911635
21304,0.6985479
21307,0.69851655
21309,0.34645194
21311,0.192355
21331,0.5248105
21332,0.5416691
21342,0.46492147
21345,0.4425004
21348,0.43992442
21353,0.5890018
21357,0.5513519
21369,0.41909438
21370,0.6028248
21371,0.42950255
21373,0.341205
21385,0.43698514
21392,0.4126479
21401,0.51766795
21403,0.53359133
21406,0.57286775
21413,0.66794455
21414,0.6917835
21416,0.77954495
21423,0.66750866
21442,0.4092768
21443,0.3947457
21448,0.4480751
21459,0.53149813
21467,0.4647236
21474,0.22979206
21484,0.61399484
21488,0.55091554
21495,0.373787
21498,0.51765823
21502,0.22358048
21503,0.550148
21510,0.4900912
21516,0.6738183
21533,0.6802197
21535,0.43536124
21539,0.61374146
21541,0.4339158
21544,0.5147631
21554,0.5059825
21569,0.49021745
21572,0.52383214
21578,0.40141708
21580,0.5509401
21584,0.4331006
21589,0.520482
21595,0.31313443
21598,0.29260033
21599,0.4690801
21606,0.30638528
21623,0.38524053
21639,0.43711734
21641,0.53433526
21645,0.41403282
21647,0.52491266
21648,0.34483021
21657,0.3726992
21671,0.44931585
21673,0.37189883
21678,0.40796578
21696,0.7539121
21699,0.37389225
21700,0.32152587
21703,0.3660276
21710,0.40381157
21721,0.35924804
21727,0.29569042
21728,0.6651404
21731,0.36226863
21741,0.6062639
21744,0.2652753
21748,0.21453044
21753,0.34196505
21756,0.6352289
21763,0.2700547
21767,0.6530205
21772,0.60969925
21774,0.34018385
21775,0.31382236
21780,0.68157697
21787,0.42771667
21805,0.4901552
21828,0.37977713
21831,0.4511107
21837,0.5796659
21842,0.15246686
21849,0.45985663
21856,0.64588535
21858,0.45174646
21862,0.42402312
21864,0.26123506
21867,0.43537217
21879,0.4652565
21881,0.39360422
21883,0.33697286
21891,0.3937622
21892,0.39498276
21902,0.64530593
21909,0.36139196
21914,0.35087666
21918,0.62357104
21919,0.34837586
21926,0.5010164
21930,0.52714515
21934,0.6915897
21940,0.31647408
21945,0.63627917
21948,0.59001285
21953,0.36132228
21954,0.7193345
21956,0.5134681
21963,0.4606768
21970,0.25160545
21984,0.44504854
21997,0.30229545
21999,0.5900447
22001,0.31899464
22002,0.6549003
22010,0.34597787
22013,0.45985633
22022,0.64031595
22024,0.593406
22028,0.4384588
22029,0.6470356
22045,0.5563106
22049,0.48714614
22064,0.5827582
22069,0.2753837
22074,0.3246945
22082,0.14176196
22084,0.48292553
22090,0.66090524
22096,0.4915866
22100,0.2581799
22105,0.42729652
22119,0.5373729
22130,0.3734023
22152,0.2628404
22155,0.5464711
22164,0.56449866
22173,0.5182688
22194,0.3692304
22209,0.42962357
22217,0.23750803
22220,0.4368521
22222,0.6189454
22244,0.49577755
22245,0.47101748
22250,0.3866704
22256,0.45652893
22261,0.7193234
22264,0.48289445
22270,0.5983026
22279,0.63811857
22280,0.10716492
22284,0.36122042
22288,0.4461728
22293,0.6245347
22297,0.7124562
22307,0.7439259
22310,0.5910831
22319,0.70114684
22324,0.3531915
22326,0.25053653
22327,0.45608687
22329,0.23232454
22331,0.42210078
22340,0.6588455
22342,0.5569515
22347,0.55932367
22351,0.56610614
22357,0.4004439
22361,0.5662887
22371,0.43038443
22373,0.46859488
22391,0.532608
22404,0.4952134
22409,0.6288805
22411,0.1993294
22428,0.3473791
22436,0.33091936
22444,0.51679075
22445,0.08466774
22451,0.36391023
22463,0.58158356
22464,0.35083854
22467,0.58634365
22472,0.42884475
22485,0.61710125
22497,0.5691607
22504,0.787668
22508,0.5106872
22516,0.5943603
22522,0.5314757
22527,0.60167176
22543,0.48593757
22549,0.35228205
22551,0.63574755
22557,0.56983393
22562,0.14249733
22567,0.45000085
22572,0.48074692
22575,0.3949212
22578,0.581509
22579,0.4333244
22580,0.50822437
22581,0.4442747
22591,0.29967445
22593,0.3371355
22597,0.31375504
22600,0.76345074
22602,0.23807123
22603,0.38711277
22616,0.55737
22617,0.3311749
22622,0.22331661
22623,0.36887923
22624,0.7621566
22628,0.5612762
22640,0.20071593
22641,0.20501071
22653,0.51237786
22660,0.5901102
22672,0.4508326
22674,0.4451225
22689,0.48857984
22698,0.3831517
22705,0.3341955
22709,0.65625507
22711,0.45194533
22714,0.7391118
22715,0.40087572
22729,0.4891587
22730,0.46156862
22733,0.38594466
22750,0.63608396
22754,0.4549155
22756,0.5077704
22758,0.6223049
22767,0.39112252
22768,0.3218708
22769,0.6069306
22776,0.2703582
22778,0.34075984
22780,0.5087854
22789,0.20548603
22797,0.29274398
22799,0.44098592
22814,0.3354916
22818,0.4374508
22821,0.6496913
22823,0.25939882
22841,0.35461682
22847,0.33878094
22848,0.39265794
22862,0.37521696
22875,0.8156481
22877,0.45155632
22887,0.42284697
22892,0.4766603
22899,0.71123946
22901,0.60862696
22907,0.46048295
22909,0.5526311
22926,0.32391322
22927,0.55488086
22930,0.26949793
22934,0.4438008
22937,0.42304322
22939,0.5734481
22949,0.5435617
22951,0.7340108
22955,0.33952147
22965,0.5324218
22966,0.54185975
22968,0.55837476
22972,0.6257955
22975,0.540145
22981,0.37728915
22988,0.55969197
22994,0.24783736
22996,0.63839924
23011,0.48577785
23028,0.6887429
23031,0.35866958
23035,0.24116457
23038,0.58595383
23042,0.54631823
23049,0.34631395
23051,0.6070234
23053,0.3325463
23057,0.45959768
23058,0.65412676
23063,0.31423837
23064,0.51509684
23067,0.28160056
23071,0.32841113
23075,0.47519806
23077,0.54584587
23090,0.64077896
23094,0.54242545
23097,0.31292808
23103,0.2869644
23107,0.55511636
23117,0.28378218
23122,0.4774966
23124,0.49625704
23126,0.51008207
23129,0.5355322
23136,0.5537212
23141,0.3591485
23142,0.5699707
23147,0.43787453
23154,0.5806209
23159,0.3269347
23165,0.546913
23171,0.56822705
23173,0.40091166
23175,0.3254392
23179,0.50321114
23182,0.5804807
23185,0.525677
23188,0.532339
23189,0.319767
23209,0.30649143
23214,0.499223
23215,0.36948574
23233,0.2596395
23241,0.57253397
23252,0.23738316
23255,0.64928603
23263,0.44340685
23281,0.43844694
23282,0.51913923
23289,0.4350435
23292,0.34668192
23296,0.42734766
23297,0.17027172
23301,0.37414467
23302,0.57148474
23304,0.37907073
23309,0.43836713
23312,0.5609708
23316,0.2245796
23321,0.2830167
23342,0.33598408
23344,0.31132936
23350,0.50009847
23367,0.5692357
23368,0.4901501
23374,0.22351858
23387,0.21963838
23389,0.50600106
23399,0.36954558
23403,0.34881908
23406,0.6341789
23414,0.5348306
23415,0.31845847
23419,0.5423581
23436,0.3716854
23439,0.42046982
23444,0.6193744
23445,0.38974026
23455,0.60242987
23469,0.32792825
23472,0.39783815
23477,0.18171057
23478,0.5717437
23479,0.408113
23487,0.50021505
23490,0.3847074
23491,0.2937751
23492,0.55110055
23494,0.2946996
23496,0.54062265
23497,0.45417854
23506,0.40826273
23515,0.271216
23528,0.25332773
23532,0.352418
23549,0.2825933
23551,0.44777322
23552,0.44369602
23555,0.4652487
23556,0.40731266
23564,0.5504484
23583,0.352471
23592,0.595669
23597,0.5395303
23601,0.21096507
23605,0.5525327
23615,0.25251296
23619,0.37219185
23621,0.61326575
23626,0.54058164
23635,0.61280787
23637,0.3204667
23640,0.28087425
23646,0.47754937
23655,0.36454207
23672,0.50355047
23673,0.3019215
23682,0.57040894
23683,0.6605103
23699,0.26364148
23704,0.518055
23707,0.56122416
23713,0.42477596
23714,0.3817061
23716,0.56812984
23718,0.50819427
23721,0.31162006
23735,0.50324667
23737,0.34569913
23744,0.41950724
23749,0.59106904
23755,0.44932917
23769,0.649014
23772,0.5624658
23773,0.25714523
23774,0.5791216
23779,0.07985866
23782,0.4774151
23793,0.6205199
23803,0.5578962
23828,0.55376375
23833,0.6323748
23834,0.43442032
23844,0.40427458
23845,0.6898593
23852,0.37934992
23855,0.635374
23867,0.3883077
23872,0.5990287
23874,0.6601533
23880,0.5473859
23886,0.522068
23898,0.2287558
23900,0.26226985
23903,0.41996783
23907,0.575465
23908,0.40265578
23912,0.3993003
23916,0.4527257
23917,0.57882154
23918,0.39930317
23922,0.43157673
23928,0.27397645
23940,0.51205415
23944,0.34867853
23945,0.49147758
23951,0.47722113
23966,0.31469077
23970,0.325962
23971,0.41705662
23976,0.54691607
23980,0.22233844
23987,0.61725515
23988,0.5269524
23993,0.53275555
23997,0.47634342
23998,0.45830777
23999,0.53611475
24010,0.63653696
24015,0.58494776
24023,0.17307419
24033,0.4554583
24046,0.51033366
24060,0.40934324
24062,0.44076836
24065,0.5496908
24070,0.6680505
24071,0.283361
24073,0.45944053
24079,0.5452019
24082,0.5330364
24084,0.40408945
24089,0.39200133
24094,0.3005879
24100,0.32440197
24105,0.22309804
24106,0.3673414
24108,0.6344741
24111,0.6690054
24120,0.34395224
24125,0.46520576
24134,0.49154675
24140,0.38658142
24151,0.48260748
24153,0.2182791
24154,0.6712385
24161,0.49394962
24166,0.33939418
24170,0.51783985
24176,0.38669324
24182,0.49772218
24188,0.3816471
24190,0.524076
24201,0.5116125
24211,0.42479634
24215,0.604507
24216,0.640632
24219,0.42682642
24222,0.5481573
24240,0.6678636
24243,0.27605534
24245,0.2581187
24251,0.24057469
24256,0.6191838
24258,0.503817
24261,0.40616524
24263,0.6048788
24264,0.30437344
24266,0.27423844
24273,0.39326957
24278,0.39014482
24289,0.57737064
24292,0.30218494
24293,0.3688506
24298,0.5634078
24299,0.39505684
24303,0.5253652
24304,0.39633462
24305,0.368726
24329,0.30163947
24341,0.2082203
24345,0.71670234
24353,0.59040886
24358,0.60266185
24364,0.43123987
24367,0.39900118
24370,0.44934452
24377,0.33216095
24380,0.4462176
24381,0.5433857
24387,0.3749922
24391,0.46180174
24409,0.6222359
24413,0.39272323
24416,0.47333485
24427,0.5636018
24439,0.5140468
24443,0.48721737
24448,0.34211975
24454,0.6155091
24455,0.6135351
24461,0.41769624
24464,0.33496135
24468,0.22130278
24469,0.48870662
24501,0.38258561
24508,0.26179624
24519,0.3277117
24520,0.64794457
24538,0.53277934
24540,0.5014324
24550,0.2604557
24552,0.42886052
24561,0.39825618
24577,0.4773674
24579,0.5961002
24580,0.49359834
24582,0.48301136
24591,0.5166648
24592,0.4114404
24599,0.4822783
24602,0.20749432
24606,0.4019157
24617,0.3612892
24619,0.35427055
24630,0.3873832
24633,0.4883785
24634,0.47779545
24638,0.18029955
24641,0.31194597
24644,0.2703243
24645,0.5211315
24656,0.4938154
24661,0.45088413
24663,0.58129686
24667,0.55276775
24669,0.46623883
24682,0.3253798
24698,0.42563266
24699,0.56233007
24702,0.30584726
24703,0.5252729
24717,0.24792013
24724,0.66162384
24731,0.5773693
24737,0.42935064
24740,0.34734696
24743,0.3665344
24744,0.6288329
24755,0.48919216
24757,0.5154146
24765,0.49765727
24766,0.32526964
24776,0.494493
24787,0.6092815
24789,0.19564244
24791,0.27008873
24792,0.4069256
24804,0.16660258
24812,0.35795647
24816,0.56494606
24817,0.38201118
24820,0.38016722
24828,0.3545372
24832,0.5334674
24836,0.43878692
24842,0.68217003
24846,0.6296828
24847,0.30045527
24848,0.5714908
24851,0.57883453
24855,0.6878543
24856,0.5436435
24871,0.5726474
24874,0.447858
24877,0.35452464
24889,0.22090986
24897,0.45199543
24899,0.58679295
24908,0.56939864
24913,0.51378787
24923,0.4063613
24933,0.30496326
24971,0.39375994
24973,0.6046372
24993,0.611006
24998,0.5756142
25000,0.68976396
25001,0.6748539
25002,0.30079055
25003,0.67076814
25009,0.5877607
25024,0.386021
25026,0.29300934
25027,0.5395391
25034,0.42920697
25050,0.45944124
25057,0.6202663
25067,0.4240481
25075,0.29231226
25081,0.3400427
25085,0.40207595
25093,0.24486667
25097,0.41407517
25103,0.5919877
25104,0.61786747
25109,0.31903893
25112,0.38514945
25113,0.36825806
25114,0.5372243
25119,0.50953037
25121,0.46852872
25122,0.41037238
25124,0.59539765
25131,0.41393775
25134,0.3603134
25144,0.3700927
25147,0.62451583
25148,0.4855343
25149,0.45505354
25155,0.50199366
25169,0.35652965
25177,0.6383086
25178,0.35686553
25179,0.380938
25180,0.58368176
25191,0.55014646
25199,0.5465278
25232,0.31155655
25241,0.46143347
25242,0.3948054
25243,0.58668005
25246,0.5961163
25259,0.60401165
25265,0.45024046
25278,0.57626724
25280,0.4340902
25284,0.40949982
25286,0.52074933
25288,0.5374201
25318,0.6339371
25330,0.5525141
25333,0.31387287
25339,0.42323524
25340,0.6249536
25346,0.4469197
25349,0.6630087
25351,0.17592406
25361,0.5453572
25366,0.18203285
25368,0.5607015
25369,0.3262465
25370,0.55899787
25375,0.26107633
25376,0.6265308
25377,0.28960732
25379,0.26679167
25382,0.6526878
25386,0.6489317
25389,0.6131438
25399,0.43154597
25400,0.5447158
25401,0.37462425
25407,0.47968745
25409,0.5286874
25412,0.4513518
25416,0.39406833
25418,0.416907
25423,0.6068157
25436,0.36780423
25439,0.28114554
25442,0.5915077
25445,0.5937818
25446,0.40957153
25453,0.36559963
25456,0.6727591
25458,0.6271683
25460,0.3720016
25461,0.36621732
25468,0.36751577
25470,0.51344377
25471,0.6089384
25482,0.29910752
25501,0.6655702
25504,0.50932467
25515,0.3053214
25518,0.42773807
25528,0.28789705
25533,0.32092336
25543,0.53316224
25548,0.3012426
25564,0.5742541
25572,0.67503846
25576,0.21696225
25577,0.5273465
25587,0.34060556
25591,0.47066814
25596,0.6470076
25598,0.33722946
25617,0.24803057
25618,0.57586265
25620,0.5694401
25623,0.3191651
25626,0.42626005
25628,0.2613235
25633,0.526442
25637,0.31185856
25644,0.39564556
25662,0.24406922
25663,0.44266135
25673,0.28672013
25678,0.5836335
25685,0.5769488
25691,0.46262473
25706,0.589681
25707,0.309928
25723,0.41097006
25725,0.43970144
25735,0.6085223
25740,0.44218284
25759,0.38630757
25761,0.44720545
25769,0.40332693
25774,0.42696488
25779,0.6031232
25781,0.33138877
25784,0.66297317
25790,0.4894458
25796,0.3814749
25816,0.4352358
25847,0.11688587
25850,0.43867084
25852,0.32300973
25856,0.21423617
25866,0.39112228
25867,0.60982066
25868,0.49943343
25869,0.5426045
25877,0.63533735
25878,0.352345
25890,0.62578166
25898,0.6672491
25899,0.4314442
25906,0.57672244
25907,0.69817376
25915,0.52397573
25932,0.58136183
25939,0.2991876
25946,0.591146
25951,0.481996
25959,0.5573047
25961,0.60794556
25964,0.6757834
25969,0.58222896
25980,0.37246788
25986,0.5657475
25992,0.3563073
25998,0.4845161
26000,0.5309174
26006,0.5142941
26009,0.64491475
26016,0.6773398
26023,0.5777128
26038,0.6780895
26041,0.44816104
26050,0.4493315
26051,0.6745131
26057,0.34688765
26060,0.21874559
26062,0.39509797
26067,0.554623
26068,0.4316948
26072,0.31966543
26074,0.47766244
26075,0.3223791
26081,0.57378197
26108,0.5392939
26112,0.67320216
26113,0.5462458
26115,0.53382224
26122,0.3027278
26139,0.3592746
26162,0.50306
26165,0.38837653
26173,0.44476154
26177,0.509334
26179,0.28660953
26184,0.2172625
26190,0.40328777
26204,0.32799274
26205,0.10753828
26212,0.36034632
26215,0.35909933
26227,0.39867142
26232,0.7031746
26237,0.6431774
26246,0.5207086
26248,0.69663894
26249,0.4525226
26260,0.5510513
26263,0.64895344
26267,0.6680459
26269,0.32612884
26271,0.5890727
26273,0.49852005
26286,0.5557739
26297,0.5454529
26309,0.510516
26313,0.46908396
26319,0.35186592
26329,0.5840062
26330,0.5662861
26333,0.33806008
26361,0.5379622
26366,0.52161014
26376,0.6012128
26378,0.62276655
26382,0.43692142
26389,0.3929311
26391,0.47149032
26401,0.31075904
26415,0.2703747
26419,0.48713493
26421,0.6823719
26422,0.35092258
26423,0.5370096
26424,0.5014011
26441,0.54954714
26442,0.3819465
26446,0.3898319
26447,0.31623504
26448,0.36418223
26451,0.25653
26459,0.51420027
26465,0.48420647
26476,0.40484083
26481,0.3467698
26487,0.53017163
26501,0.50496376
26513,0.5901995
26517,0.38876852
26527,0.5605081
26534,0.52566606
26535,0.5682479
26545,0.41302672
26550,0.4112074
26558,0.42840683
26571,0.6466143
26573,0.7354805
26575,0.27057642
26578,0.5323678
26583,0.6949239
26590,0.61600876
26593,0.52571243
26602,0.5273672
26606,0.46184203
26613,0.6226356
26615,0.5792763
26618,0.394688
26628,0.67268056
26630,0.45214555
26635,0.5393881
26645,0.3158349
26648,0.2522239
26651,0.3512021
26660,0.58895427
26663,0.4085898
26664,0.44233003
26665,0.42165628
26673,0.3685602
26675,0.279265
26676,0.4309821
26677,0.2935279
26679,0.53862774
26687,0.58893245
26689,0.48487842
26697,0.46012142
26737,0.6998934
26747,0.6186612
26748,0.4145313
26749,0.33664238
26754,0.44655028
26759,0.69473803
26760,0.6309976
26765,0.4795727
26769,0.36514428
26771,0.6834156
26776,0.30755928
26778,0.42432016
26780,0.45850787
26783,0.059111863
26785,0.34506756
26800,0.3420895
26804,0.40794203
26812,0.42173493
26816,0.59829015
26823,0.59946203
26834,0.58351654
26836,0.50765216
26841,0.45945996
26845,0.56746596
26849,0.36675608
26854,0.6281981
26858,0.4945672
26860,0.6006865
26866,0.3036185
26871,0.14879456
26873,0.6943296
26905,0.32980266
26907,0.50372356
26920,0.40894696
26924,0.32442725
26930,0.498328
26942,0.47618324
26944,0.3407095
26949,0.663912
26952,0.62226975
26956,0.40767398
26973,0.20817965
26977,0.46495378
26993,0.5599926
26997,0.51476264
26999,0.34474394
27021,0.41843188
27023,0.44353253
27025,0.021865755
27027,0.4438003
27032,0.65024716
27034,0.4489118
27036,0.27376792
27045,0.37721354
27050,0.30455494
27051,0.40439904
27055,0.19616523
27056,0.22633046
27060,0.41850245
27061,0.73475885
27066,0.6195038
27070,0.5523915
27073,0.4474497
27077,0.3256349
27085,0.48256308
27086,0.41638136
27099,0.64945227
27105,0.61137295
27109,0.3767175
27125,0.57637763
27135,0.54435843
27139,0.5663122
27140,0.63359475
27141,0.17936572
27142,0.57281697
27144,0.5933172
27148,0.29997575
27154,0.26920494
27162,0.4454087
27175,0.5525891
27176,0.27830464
27178,0.388725
27197,0.37779734
27204,0.24583703
27205,0.50125813
27206,0.35759908
27207,0.3998285
27216,0.51583683
27230,0.21785322
27234,0.43784043
27241,0.40339094
27249,0.58006656
27251,0.4304706
27252,0.51506954
27256,0.27466798
27257,0.31893805
27263,0.40587574
27268,0.31635892
27269,0.41397473
27276,0.24403688
27279,0.46188754
27288,0.62486696
27295,0.3808334
27299,0.71212876
27302,0.31387842
27304,0.3566426
27316,0.6545895
27318,0.57164234
27330,0.43550804
27333,0.4165622
27335,0.66072583
27339,0.39515153
27341,0.6558325
27342,0.4118312
27345,0.32223207
27347,0.5925633
27354,0.34595352
27361,0.6597422
27375,0.6330346
27387,0.5949734
27390,0.565649
27392,0.6445168
27399,0.47907314
27403,0.45324036
27410,0.48975804
27423,0.556254
27429,0.46356583
27432,0.5185081
27436,0.40057945
27437,0.34363186
27441,0.36538827
27444,0.45627517
27445,0.6497618
27448,0.503221
27454,0.34486362
27459,0.40137094
27465,0.34152782
27478,0.5312274
27479,0.3952361
27481,0.71766603
27483,0.32483658
27486,0.328506
27498,0.28764296
27505,0.27242947
27507,0.35070658
27509,0.49942818
27514,0.39356703
27527,0.61569506
27535,0.6677007
27544,0.5905959
27545,0.25827312
27556,0.38933703
27563,0.44597098
27569,0.42760798
27585,0.28826368
27589,0.24256083
27605,0.40480775
27608,0.6144426
27609,0.26511818
27611,0.4909702
27621,0.42299944
27626,0.56558794
27629,0.45875764
27645,0.6464125
27651,0.46843135
27654,0.46792153
27656,0.55311906
27663,0.5207315
27673,0.58348155
27677,0.5978973
27678,0.42839152
27680,0.423198
27681,0.7030151
27684,0.3350132
27688,0.37989634
27706,0.5179976
27709,0.3330258
27720,0.53323036
27722,0.41648927
27733,0.29434788
27734,0.3239166
27739,0.5155209
27746,0.65792704
27751,0.6428591
27755,0.5824904
27777,0.38599223
27783,0.4184769
27795,0.32758027
27805,0.41758323
27811,0.2551555
27815,0.38685566
27823,0.43178916
27856,0.3839668
27873,0.39348626
27883,0.45508263
27885,0.5247209
27887,0.63349795
27899,0.35029793
27921,0.4210342
27924,0.33281174
27927,0.32188994
27929,0.43365216
27932,0.47825733
27943,0.6405933
27945,0.6910905
27952,0.30521607
27957,0.3464759
27960,0.59178954
27966,0.3324346
27968,0.5554378
27980,0.63881457
27984,0.35883015
27994,0.40959316
27995,0.6480448
28002,0.5522191
28004,0.70610493
28006,0.7000687
28028,0.4013882
28042,0.7378389
28043,0.7579888
28055,0.31666154
28061,0.73718053
28063,0.34336197
28077,0.42815796
28090,0.6405661
28093,0.44685867
28095,0.38119113
28096,0.46800888
28098,0.69766754
28099,0.40563118
28111,0.5577172
28115,0.5293674
28123,0.33228463
28125,0.48814678
28126,0.66236
28129,0.6697069
28131,0.33164722
28139,0.40519965
28146,0.4682657
28153,0.4887313
28155,0.3322916
28160,0.62548566
28166,0.43475664
28167,0.43627697
28176,0.497628
28185,0.37061357
28187,0.60680956
28195,0.5977152
28203,0.17121726
28206,0.31363112
28209,0.62647927
28210,0.37254936
28211,0.51802707
28216,0.35417914
28234,0.2845291
28235,0.68851566
28248,0.37134778
28255,0.41306
28266,0.44750935
28277,0.2619083
28286,0.49273592
28288,0.36010784
28289,0.67456734
28290,0.39290565
28296,0.6501022
28300,0.4983871
28306,0.5294582
28307,0.46118695
28309,0.479892
28327,0.3255187
28336,0.35587615
28345,0.36448264
28355,0.44467607
28361,0.4264933
28362,0.42177582
28374,0.3893367
28380,0.40759593
28381,0.5442197
28393,0.42077836
28394,0.2526365
28405,0.47646797
28413,0.2275882
28426,0.6437292
28428,0.5144801
28429,0.7264667
28442,0.5341943
28445,0.4640265
28457,0.7244818
28459,0.63367516
28462,0.39827543
28478,0.38078433
28490,0.32053232
28492,0.42413992
28499,0.20148921
28500,0.66327846
28506,0.62667936
28509,0.3029255
28513,0.3787732
28516,0.29741335
28519,0.5924893
28526,0.21917811
28527,0.5469379
28528,0.28447747
28533,0.4208712
28547,0.5513632
28551,0.44806117
28563,0.4450503
28566,0.50926685
28568,0.62568605
28580,0.44454926
28589,0.40957063
28590,0.73387563
28606,0.4256132
28613,0.3153284
28615,0.3181441
28619,0.743637
28629,0.43721896
28633,0.40404117
28635,0.5461384
28646,0.6610728
28648,0.50810945
28651,0.13313988
28660,0.60342884
28681,0.5406092
28693,0.35089815
28696,0.41943038
28703,0.30758852
28709,0.45275924
28712,0.64352906
28718,0.22638461
28719,0.60699934
28727,0.37603015
28730,0.33689052
28732,0.65476257
28740,0.6135718
28747,0.53926605
28752,0.5362241
28757,0.46007764
28764,0.37163615
28765,0.35018677
28770,0.7811851
28772,0.40051037
28783,0.4668398
28786,0.578889
28796,0.42800254
28799,0.6368156
28806,0.49750808
28807,0.35023668
28815,0.39882645
28818,0.40456653
28823,0.3778851
28824,0.46088246
28831,0.66881216
28834,0.46206746
28841,0.54156727
28848,0.598331
28882,0.19422993
28884,0.5298556
28904,0.38219833
28907,0.39011675
28919,0.36318317
28920,0.4063616
28928,0.48878837
28935,0.21700186
28936,0.21673614
28945,0.5170606
28950,0.43731472
28957,0.5187875
28963,0.040740192
28974,0.50912434
28980,0.35619318
28988,0.53417957
28999,0.36527815
29001,0.28501284
29004,0.6549484
29006,0.6385267
29012,0.37214994
29018,0.67437077
29027,0.3075403
29030,0.44950557
29032,0.6539842
29039,0.61082536
29043,0.7370092
29056,0.4737444
29064,0.7093844
29068,0.38706344
29069,0.28761834
29074,0.48185837
29076,0.34788793
29085,0.41166005
29088,0.5780548
29091,0.41184798
29092,0.48864204
29093,0.34231752
29094,0.4773662
29108,0.48207092
29114,0.41957822
29115,0.547702
29118,0.4468304
29125,0.49705824
29127,0.7190957
29150,0.46487278
29152,0.21728265
29155,0.413497
29165,0.38741532
29167,0.60570943
29174,0.4997106
29180,0.32462525
29185,0.4575429
29190,0.3809064
29192,0.6026944
29194,0.34756243
29220,0.60375714
29231,0.65564483
29237,0.418064
29240,0.48498502
29247,0.31287816
29256,0.45564216
29275,0.30915332
29278,0.59017026
29280,0.48824814
29286,0.38375348
29288,0.39396018
29305,0.4887799
29327,0.51572204
29329,0.48451462
29333,0.31824097
29335,0.31835634
29342,0.7161266
29344,0.4858517
29353,0.39662963
29358,0.63106024
29373,0.31833658
29392,0.7703273
29393,0.3374539
29395,0.7316903
29403,0.402798
29405,0.46476752
29410,0.39723554
29423,0.39679956
29427,0.738652
29429,0.32633507
29432,0.13148537
29440,0.6526229
29447,0.39621443
29448,0.48258594
29452,0.5339704
29455,0.52140576
29461,0.55641747
29466,0.416847
29474,0.48108912
29476,0.32571304
29486,0.6315246
29494,0.33793586
29497,0.39328766
29505,0.49384996
29511,0.65258276
29516,0.65345836
29522,0.46828887
29523,0.4749042
29524,0.51645905
29529,0.40845013
29533,0.36456007
29535,0.4361574
29548,0.2065447
29551,0.26908052
29563,0.4067738
29574,0.54087627
29575,0.2649122
29592,0.28571433
29599,0.6470585
29608,0.36662874
29613,0.5072574
29620,0.3818562
29630,0.6342523
29637,0.38555634
29638,0.5158974
29643,0.36429486
29648,0.4108461
29657,0.5836448
29659,0.41317979
29662,0.49004906
29665,0.34197944
29699,0.52083486
29706,0.35604972
29715,0.35877487
29716,0.51025945
29717,0.45018283
29721,0.17551246
29731,0.50068146
29735,0.39572182
29739,0.3538012
29742,0.43377712
29747,0.6699027
29749,0.4390787
29754,0.7046193
29773,0.46902892
29777,0.37090528
29779,0.43047884
29783,0.5907884
29786,0.39203927
29805,0.5218232
29811,0.36216694
29812,0.37802267
29815,0.5549866
29819,0.6317552
29833,0.66134876
29847,0.49832383
29854,0.59942335
29856,0.35182884
29859,0.59559757
29864,0.39075893
29865,0.37140512
29867,0.37734053
29885,0.39169565
29894,0.49655733
29900,0.45914993
29910,0.42271224
29928,0.67430866
29942,0.3482864
29951,0.7013426
29953,0.55080056
29962,0.42122748
29968,0.69482803
29974,0.39307863
29980,0.38962695
29987,0.46618924
29993,0.44205147
30001,0.34900302
30005,0.5107689
30015,0.5012108
30034,0.38950506
30041,0.35787508
30044,0.5506715
30058,0.27347398
30061,0.63375175
30064,0.6198309
30065,0.3516429
30069,0.39368117
30074,0.25753257
30076,0.41352588
30080,0.4908049
30086,0.40407968
30087,0.35325238
30092,0.283514
30093,0.6503452
30096,0.55942404
30097,0.5945846
30098,0.43962613
30102,0.6374842
30106,0.55659306
30110,0.5841359
30111,0.6561973
30122,0.36473072
30128,0.32806826
30130,0.4904592
30131,0.48065707
30132,0.5578098
30135,0.35915053
30137,0.4871833
30157,0.678133
30158,0.46030834
30162,0.5171118
30170,0.65719473
30174,0.4628536
30195,0.45115638
30196,0.27570486
30204,0.2793702
30207,0.45246816
30209,0.4765579
30212,0.7851772
30221,0.40015852
30225,0.5516351
30229,0.28918445
30231,0.5654437
30233,0.34671015
30237,0.64621544
30239,0.5626213
30242,0.4070372
30244,0.6060747
30249,0.22687131
30262,0.35246134
30286,0.4092523
30292,0.21390656
30303,0.53275687
30320,0.39896405
30322,0.35007352
30355,0.42352295
30356,0.5634514
30372,0.38154316
30375,0.4266774
30379,0.320679
30384,0.44351053
30386,0.329426
30394,0.3213747
30395,0.35707563
30396,0.7341648
30397,0.41747165
30402,0.55634063
30413,0.43413973
30416,0.32568967
30420,0.39989367
30422,0.41398942
30432,0.30713242
30434,0.39323577
30438,0.385311
30444,0.28401724
30446,0.6059282
30455,0.48413324
30457,0.31775966
30459,0.6002816
30463,0.4543775
30468,0.28852868
30477,0.5418967
30478,0.3296551
30481,0.5433667
30482,0.26041263
30487,0.3616095
30491,0.35634285
30496,0.6936043
30501,0.52695274
30506,0.37290502
30511,0.2194069
30513,0.24021444
30516,0.4321479
30520,0.34354603
30531,0.41246673
30542,0.6963539
30555,0.43267688
30557,0.3812628
30568,0.4590414
30570,0.56051743
30584,0.38667005
30594,0.6130325
30614,0.25710708
30617,0.26921022
30618,0.64441586
30631,0.390307
30632,0.44754946
30634,0.508654
30636,0.48277372
30637,0.5406752
30639,0.3031795
30647,0.31916887
30649,0.5312395
30656,0.46795502
30660,0.6261992
30665,0.34191978
30669,0.2568564
30681,0.5412432
30683,0.43487284
30687,0.41256878
30694,0.5562082
